BBB Time,Piksi Lat,Piksi Lon,Piksi Alt
02:08:44.680,49.256299009785785,-122.92240483997844,32.081994412501544
02:08:44.743,49.256297880481306,-122.92240444935615,31.94916657857735
02:08:44.843,49.256297194559885,-122.92240422916616,31.9300025644407
02:08:44.944,49.25629684379976,-122.92240447596458,31.9952281500313
02:08:45.044,49.25629652215733,-122.92240497625437,31.99085569926891
02:08:45.144,49.256297268704216,-122.92240519855974,31.993392956589894
02:08:45.244,49.25629768136506,-122.92240454525165,31.95607512832918
02:08:45.344,49.25629810028388,-122.92240427653572,31.847682476718198
02:08:45.445,49.25629862940511,-122.92240399013858,31.79276326494086
02:08:45.544,49.25629937902205,-122.92240445888405,31.764692181640093
02:08:45.647,49.25630033534357,-122.92240430399971,31.772127632337735
02:08:45.745,49.25630120344263,-122.92240561227703,31.771424891254824
02:08:45.845,49.2563014473059,-122.92240656247797,31.817425102924712
02:08:45.945,49.256302285164814,-122.92240688319224,31.802061734947323
02:08:46.045,49.2563029227221,-122.9224080860687,31.75785409088548
02:08:46.145,49.25630432167946,-122.92240831035201,31.708024218431188
02:08:46.245,49.256305450470826,-122.92240854975414,31.69284617570735
02:08:46.349,49.25630722599196,-122.9224083131741,31.75083521504483
02:08:46.447,49.256309171173854,-122.92240757436907,31.830670234732032
02:08:46.546,49.25631193230314,-122.92240776008141,31.93322963408612
02:23:16.085,49.256300886630136,-122.92240804740267,32.899860759726664
02:23:16.182,49.25630212750353,-122.92240748188956,32.89428287068794
02:23:16.487,49.25630556338455,-122.92240901358552,33.20151594127813
02:23:16.583,49.256307902332665,-122.92240998901427,33.28555261479167
02:23:16.683,49.25630974146307,-122.92241076054981,33.377006046961895
02:23:16.783,49.25631207839264,-122.92241163237696,33.536606691470915
02:23:16.883,49.25631387603643,-122.92241245737614,33.72623146383521
02:23:16.984,49.256315212712096,-122.92241284958321,33.8949901497831
02:23:17.088,49.256316034712206,-122.922413755963,34.051391745665846
02:23:17.184,49.256316214405075,-122.92241453855365,34.12774026000995
02:23:17.284,49.25631632637986,-122.9224142717427,34.22645155147585
02:23:17.384,49.256315665982804,-122.92241423805075,34.27856144695888
02:23:17.485,49.2563135140885,-122.92241421224291,34.33105657380883
02:23:17.594,49.25631122877783,-122.92241404791334,34.31273572116882
02:23:17.685,49.25630895380897,-122.92241490645968,34.25267927643109
02:23:17.784,49.25630672778594,-122.92241603999102,34.24783413967991
02:23:17.884,49.25630498999052,-122.92241683861505,34.289463906396584
02:23:17.985,49.25630398011654,-122.92241795922006,34.338914571923716
02:23:18.085,49.25630309450342,-122.92241966239185,34.48373212966715
02:23:18.185,49.25630199024435,-122.92241997849084,34.603646805084765
02:23:18.352,49.25630045801929,-122.92241952810323,34.62902625715383
02:23:18.385,49.25629919975166,-122.92241927082836,34.645336834266516
02:23:18.486,49.256299572434195,-122.92241849089116,34.55548861877305
02:23:18.586,49.25630064695758,-122.92241833713646,34.56988306706476
02:23:18.685,49.25630149211271,-122.92241801834959,34.586211819012995
02:23:18.786,49.25630235690613,-122.92241842486949,34.63323276845031
02:23:18.885,49.256303558195384,-122.9224172728022,34.680255398917865
02:23:18.986,49.256303796285835,-122.92241617789593,34.76116483991789
02:23:19.086,49.25630420181925,-122.9224153881328,34.8634578628788
02:23:19.185,49.25630458467032,-122.92241441492725,34.854678781520924
02:23:19.286,49.256304884255705,-122.92241353100275,34.866899970513956
02:23:19.386,49.256304848565534,-122.92241320627667,34.94875958199305
02:23:19.487,49.256304431787626,-122.92241299572817,35.04962855989975
02:23:19.587,49.25630412029325,-122.92241372916861,35.254608019877274
02:23:19.687,49.256304575956875,-122.9224147190918,35.44552749569585
02:23:19.787,49.25630450743015,-122.92241541472504,35.64521431024829
02:23:19.887,49.25630462523206,-122.9224156414121,35.82162793369374
02:23:19.988,49.2563048812355,-122.92241476072162,35.96712830816637
02:23:20.087,49.256305553815174,-122.92241311284296,36.06956296709664
02:23:20.189,49.25630670392707,-122.92241112956499,36.156318007270976
02:23:20.370,49.25630720168544,-122.92240984176573,36.16143897519983
02:23:20.390,49.25630788225684,-122.92240952247289,36.16613791625582
02:23:20.488,49.256308599765376,-122.92240976959486,36.16561459843466
02:23:20.588,49.25630873959004,-122.92240990204424,36.181342725678896
02:23:20.688,49.25630880735906,-122.92240918560208,36.11215840143824
02:23:20.791,49.25630870375956,-122.9224075753977,35.95248016290379
02:23:20.889,49.256309226201985,-122.92240546775177,35.797783785873534
02:23:20.992,49.25630885291976,-122.92240416437893,35.62853674465117
02:23:21.090,49.25630798994485,-122.92240375871224,35.383626468062886
02:23:21.223,49.256306853543656,-122.92240259494669,35.08909355986624
02:23:21.289,49.25630554720689,-122.92240178684001,34.80337696132003
02:23:21.389,49.25630450581065,-122.92240154835243,34.59377624316448
02:23:21.489,49.256303894300096,-122.92240188576538,34.347604866740966
02:23:21.589,49.25630375211114,-122.92240257065214,34.101290284722644
02:23:21.721,49.25630346817332,-122.92240295188549,33.784052085762156
02:23:21.789,49.25630406243195,-122.92240402269033,33.48450694040575
02:23:21.891,49.25630415956425,-122.92240569287794,33.25227664782245
02:23:21.990,49.256303822385085,-122.9224073175657,33.08562694430301
02:23:22.092,49.256302951103315,-122.92240966333294,32.912120919444526
02:23:22.225,49.256303236106824,-122.92241162044346,32.8037331991295
02:23:22.359,49.256303609226755,-122.9224130745054,32.66161813897872
02:23:22.390,49.25630386642166,-122.92241479193206,32.543230223796975
02:23:22.489,49.25630417698601,-122.92241678457526,32.52541046442861
02:23:22.590,49.256305036220404,-122.92241790764828,32.640314820844516
02:23:22.722,49.256304626760254,-122.92241927172563,32.7249529038744
02:23:22.791,49.25630395363632,-122.9224210807826,32.72133221744062
02:23:22.890,49.256303832341224,-122.92242186365937,32.75185657942559
02:23:22.991,49.25630449148431,-122.92242177967712,32.822669411413614
02:23:23.090,49.256304809961996,-122.92242199189283,32.90115938093717
02:23:23.226,49.25630479287108,-122.9224219944172,32.90770469593077
02:23:23.291,49.25630489024124,-122.92242252267172,32.95419388045889
02:23:23.391,49.256305216520175,-122.92242288935402,32.94223560069607
02:23:23.491,49.2563043847169,-122.9224225250438,32.937201807290855
02:23:23.592,49.256304408618945,-122.92242220887402,32.87656618419037
02:23:23.724,49.25630439222378,-122.92242059378569,32.73863692185744
02:23:23.792,49.25630468716191,-122.92241893424703,32.58162060301943
02:23:23.891,49.256304283989415,-122.92241764369662,32.45393292675867
02:23:23.991,49.25630310548753,-122.92241694372036,32.2945951096602
02:23:24.091,49.256302180068424,-122.92241577060682,32.1052416273456
02:23:24.224,49.25630192881943,-122.92241523653124,31.998534256420683
02:23:24.358,49.25630187745808,-122.92241534950034,31.892758155354258
02:23:24.392,49.256301871486066,-122.92241632453273,31.768772108825807
02:23:24.492,49.25630209515066,-122.9224166589711,31.755717147271813
02:23:24.592,49.2563021422425,-122.92241696973672,31.79765627877829
02:23:24.724,49.25630262402903,-122.92241673586527,31.758575885829778
02:23:24.793,49.25630279386084,-122.92241499724958,31.755354503942936
02:23:24.892,49.25630274603257,-122.92241381653595,31.80114941569356
02:23:24.992,49.25630233230766,-122.92241381138926,31.91766139082837
02:23:25.091,49.25630317467401,-122.92241396131355,32.14942018125324
02:23:25.222,49.2563038091127,-122.92241373433531,32.40459425749744
02:23:25.295,49.256304351047966,-122.92241435898215,32.61919059961882
02:23:25.392,49.25630503161784,-122.92241422951638,32.84450655510006
02:23:25.492,49.256306242131956,-122.92241312501639,33.041942372288254
02:23:25.592,49.25630757082635,-122.92241269939429,33.22467917200688
02:23:25.724,49.25630790885733,-122.92241261777264,33.385263575020915
02:23:25.792,49.25630808824545,-122.92241298489913,33.48380259521367
02:23:25.894,49.25630788708361,-122.9224137387462,33.55428125694792
02:23:25.992,49.256306745093,-122.92241354375545,33.64831257994885
02:23:26.094,49.25630483411802,-122.92241368241059,33.71401599058355
02:23:26.224,49.25630320680354,-122.92241423208876,33.86062160544589
02:23:26.359,49.25630152706697,-122.92241399881537,33.92689924214183
02:23:26.392,49.25630037420822,-122.92241315980826,33.98004210495578
02:23:26.493,49.256300044765425,-122.92241225855575,34.11685380536889
02:23:26.594,49.25630042570165,-122.92241168673657,34.258995880355094
02:23:26.723,49.256301128841955,-122.92241164594928,34.512059349077894
02:23:26.794,49.256301625674354,-122.92241185814798,34.74783913303318
02:23:26.891,49.2563025587229,-122.92241196618687,34.87508473571255
02:23:26.993,49.25630380470387,-122.92241306317094,35.002910435729625
02:23:27.094,49.25630450765927,-122.92241352914311,34.98247841848184
02:23:27.223,49.25630501520722,-122.92241408636973,34.85525265212372
02:23:27.296,49.25630491786256,-122.92241388263602,34.689388924526334
02:23:27.394,49.25630412656121,-122.92241388350355,34.459120366970865
02:23:27.493,49.25630325698897,-122.92241284821013,34.11519831331096
02:23:27.595,49.25630144762766,-122.92241140661413,33.80077439330169
02:23:27.725,49.256299248969476,-122.9224107674086,33.51864406165484
02:23:27.793,49.256297508042856,-122.92241093247543,33.29068859172582
02:23:27.895,49.25629644652861,-122.92241070930346,33.185193730547496
02:23:27.994,49.25629563734767,-122.92241026212844,33.10970636633819
02:23:28.095,49.25629384266733,-122.92241003406446,32.96939268717559
02:23:28.224,49.256292642886166,-122.92240941375472,32.75540858143431
02:23:28.358,49.256291793995594,-122.92240850214134,32.57546963221079
02:23:28.394,49.256291047078804,-122.92240860752659,32.46634800445512
02:23:28.494,49.25629004536612,-122.92240820556493,32.28145343685677
02:23:28.593,49.256289237018684,-122.92240922959849,32.097351228891995
02:23:28.725,49.256288736535964,-122.92241133504959,31.97205332496675
02:23:28.793,49.256288380984685,-122.92241314299729,32.01975152903725
02:23:28.896,49.25628919046379,-122.92241476446712,32.068116071293325
02:23:28.994,49.25629045075189,-122.92241601172742,32.09600088475969
02:23:29.094,49.25629220968117,-122.92241780140665,32.12566385931793
02:23:29.225,49.25629435873894,-122.92241871808564,32.186635936301926
02:23:29.293,49.25629563863722,-122.92241790719669,32.33374171390089
02:23:29.396,49.256295840707516,-122.92241635405266,32.523737659266764
02:23:29.495,49.25629569215587,-122.92241461684155,32.75002535810752
02:23:29.593,49.25629478422808,-122.92241407072285,32.990012324248795
02:23:29.726,49.25629460725137,-122.92241301978055,33.17647842088026
02:23:29.793,49.25629438861737,-122.92241219256817,33.285480882500146
02:23:29.895,49.25629507113892,-122.92241076092648,33.38035704032906
02:23:29.995,49.256295806052975,-122.92240944128362,33.58932350188445
02:23:30.095,49.25629687119154,-122.92240908110381,33.81652890175751
02:23:30.225,49.25629821343591,-122.92240942073988,34.13319535200373
02:23:30.373,49.25630055610955,-122.92241061215701,34.37301515698371
02:23:30.397,49.25630268201104,-122.92241135444175,34.59192515789411
02:23:30.495,49.25630431127978,-122.92241103752566,34.800033380342235
02:23:30.597,49.25630637508928,-122.92241101929342,34.974775178516445
02:23:30.727,49.256308081344365,-122.92241130610535,35.04912925008905
02:23:30.795,49.25630968257061,-122.92241170711627,35.057464930567264
02:23:30.894,49.25631115424385,-122.92241088990862,35.01803452529219
02:23:30.995,49.25631258276449,-122.9224109961127,35.02309559519606
02:23:31.094,49.25631416175849,-122.92241033270129,34.96305486643524
02:23:31.226,49.256315183557554,-122.92241085640653,34.788138203157466
02:23:31.294,49.25631578668356,-122.92241222508083,34.65453827040416
02:23:31.394,49.25631616042194,-122.92241316374421,34.56126700793698
02:23:31.495,49.25631616569456,-122.9224140872913,34.50620247572687
02:23:31.597,49.25631594182876,-122.9224155618446,34.57497875189064
02:23:31.708,49.256315252879155,-122.92241638249618,34.603155401897126
02:23:31.797,49.256314011025815,-122.9224167355975,34.54828581474833
02:23:31.894,49.256313027081454,-122.92241741232974,34.47004270559817
02:23:31.995,49.256310875138304,-122.92241703453516,34.427321700602576
02:23:32.094,49.25630872458422,-122.92241702550481,34.30903991896972
02:23:32.207,49.25630692371129,-122.9224179232736,34.20006179911126
02:23:32.341,49.25630484513739,-122.92241717212102,34.03394876726772
02:23:32.394,49.25630295341056,-122.9224160934323,33.816431116810314
02:23:32.496,49.25630160679434,-122.92241461672387,33.60896464888092
02:23:32.594,49.25630059494732,-122.9224141046627,33.373971383538084
02:23:32.707,49.25630040319562,-122.922413638281,33.16682022423649
02:23:32.797,49.25630066524379,-122.9224133933462,32.93976087398765
02:23:32.895,49.256300473261135,-122.9224131072208,32.802483714315905
02:23:32.996,49.2563007882653,-122.922412699941,32.5294978401468
02:23:33.095,49.25630184757349,-122.92241315449373,32.345217570718916
02:23:33.207,49.25630221981387,-122.92241189702439,32.16208087466399
02:23:33.298,49.256302406336616,-122.92241105902787,32.0751538235135
02:23:33.396,49.25630264567428,-122.92241050039834,31.99804565708158
02:23:33.498,49.256303475284206,-122.92240999094061,31.94239838089988
02:23:33.596,49.256304691837556,-122.92241017649825,32.02534719718795
02:23:33.707,49.2563051177824,-122.92241029444772,32.08427012706306
02:23:33.797,49.256304923729964,-122.92241053544552,32.19731722124993
02:23:33.897,49.25630484555314,-122.92241169667797,32.19611613487266
02:23:33.998,49.25630411471338,-122.92241324432257,32.190649064129246
02:23:34.097,49.25630281170659,-122.92241360289817,32.20799901883164
02:23:34.207,49.25630165669013,-122.92241464184801,32.21533958849646
02:23:34.341,49.25630038430521,-122.92241612145968,32.23309712802191
02:23:34.397,49.256299109273016,-122.92241727021474,32.27893180414848
02:23:34.502,49.25629748275455,-122.92241800228028,32.306863616673105
02:23:34.598,49.256295619422296,-122.92241925866584,32.35299775515562
02:23:34.707,49.25629411532292,-122.92241978637831,32.295686189182355
02:23:34.798,49.25629370770177,-122.92242045823251,32.263243750636065
02:23:34.898,49.25629312389556,-122.92242047487446,32.264642870959925
02:23:35.002,49.25629192816564,-122.92242067662546,32.15325250602257
02:23:35.098,49.256292168556115,-122.92242006221693,32.01199414703665
02:23:35.207,49.25629303771938,-122.92241838602355,31.89030529799671
02:23:35.299,49.256294464714905,-122.92241737653742,31.758660504958822
02:23:35.398,49.256295414227395,-122.9224168876648,31.649260339162073
02:23:35.499,49.25629637225254,-122.92241695115982,31.51185711119587
02:23:35.599,49.25629728429053,-122.92241693527531,31.487435311005722
02:23:35.707,49.25629770264169,-122.92241759128852,31.446925122902865
02:23:35.800,49.25629825150868,-122.9224170579881,31.41308494394931
02:23:35.899,49.25629913365047,-122.92241599780544,31.345030985287067
02:23:36.000,49.25629874409475,-122.92241623171127,31.254059160209202
02:23:36.099,49.256298033597915,-122.92241525978045,31.187173945945613
02:23:36.206,49.25629709180046,-122.92241473517157,31.10987019568052
02:23:36.341,49.256296298109405,-122.9224141057834,31.093158155476885
02:23:36.400,49.25629576394617,-122.92241409903104,31.08966134639625
02:23:36.503,49.256295150171596,-122.9224145909789,31.135869103148814
02:23:36.601,49.25629371833989,-122.92241538881738,31.159345195218545
02:23:36.707,49.256292659940016,-122.92241758410346,31.165685932680226
02:23:36.800,49.256292029716484,-122.92241842649847,31.154132325152894
02:23:36.900,49.25629095074171,-122.92241844871243,31.09660424914747
02:23:37.003,49.25628933179629,-122.92241858241343,31.085011475259883
02:23:37.100,49.25628739046323,-122.92241943500134,31.01584427986403
02:23:37.206,49.25628477164907,-122.92241936463427,30.892332700167266
02:23:37.301,49.25628355639353,-122.92241847415761,30.78759709011759
02:23:37.401,49.25628256717417,-122.92241772807655,30.7497312472412
02:23:37.502,49.25628146022923,-122.92241656841713,30.72515527576462
02:23:37.602,49.25628118797353,-122.92241550890662,30.74005422004818
02:23:37.706,49.25628085283772,-122.92241443019762,30.838122029187314
02:23:37.802,49.25628024545298,-122.92241298192286,30.881938346369633
02:23:37.902,49.25628054836657,-122.92241253279853,30.868064869997635
02:23:38.001,49.25628053265987,-122.92241154817796,31.010605572074596
02:23:38.101,49.256279522079055,-122.92241155160579,31.15508223805566
02:23:38.206,49.256278611279704,-122.92241246148775,31.30544402394699
02:23:38.340,49.25627722770807,-122.92241370054944,31.41120422809277
02:23:38.402,49.25627662101951,-122.92241427535618,31.558353071874656
02:23:38.505,49.25627663444448,-122.92241353935916,31.64624444311872
02:23:38.604,49.25627678939859,-122.92241198154274,31.668492873181705
02:23:38.706,49.256276955320665,-122.92240960090034,31.584726542041157
02:23:38.802,49.25627675877433,-122.92240687916596,31.48721841849891
02:23:38.903,49.256277104132174,-122.92240343003998,31.44329929730747
02:23:39.002,49.25627777285701,-122.92240101422493,31.42499139597005
02:23:39.103,49.256278702579976,-122.92239945404228,31.359324958269397
02:23:39.205,49.256279873497064,-122.92239932536975,31.30915921386534
02:23:39.303,49.25628134133252,-122.92240037166636,31.291593658631427
02:23:39.403,49.25628303999457,-122.92240167129845,31.341262885316084
02:23:39.503,49.25628433064977,-122.92240324555749,31.403991416652712
02:23:39.606,49.25628511682404,-122.9224036693871,31.47996017003453
02:23:39.707,49.256285185091336,-122.92240517178044,31.48184061598651
02:23:39.804,49.256285851291594,-122.922407078991,31.503056273643114
02:23:39.904,49.2562867822667,-122.92240912649035,31.49826143921042
02:23:40.004,49.25628694023829,-122.92241079885257,31.457405762392025
02:23:40.104,49.25628698170053,-122.92241244616885,31.350742976939
02:23:40.205,49.256286905091805,-122.92241392222508,31.21318254070264
02:23:40.353,49.256286088440405,-122.92241345181722,31.159519445592476
02:23:40.404,49.25628520484946,-122.92241281611584,31.135832609083415
02:23:40.504,49.25628368558501,-122.92241094872949,31.138460282782653
02:23:40.604,49.256282252284876,-122.9224100410314,31.035256289188357
02:23:40.706,49.25628025846236,-122.92240874793868,30.951198280821952
02:23:40.805,49.25627813252035,-122.9224088124648,30.812697537514666
02:23:40.906,49.25627542378351,-122.92240956967751,30.586413413471885
02:23:41.005,49.256273348508195,-122.92241042627494,30.38570666837902
02:23:41.105,49.25627216552325,-122.92241120795164,30.18448332784629
02:23:41.205,49.25627202522749,-122.92241137563796,30.055176288794136
02:23:41.305,49.256272161716126,-122.92241177131574,29.95170157375845
02:23:41.405,49.25627180784366,-122.92241237857914,29.86505137547448
02:23:41.505,49.25627244092886,-122.9224129932623,29.794513533743952
02:23:41.605,49.25627250846793,-122.92241313900799,29.73306615518884
02:23:41.708,49.2562728481361,-122.92241354698669,29.62239941005717
02:23:41.805,49.256273368560755,-122.92241484628282,29.439764260470156
02:23:41.906,49.25627447946644,-122.92241629833305,29.29330427349725
02:23:42.006,49.25627527058526,-122.92241739709839,29.184594696546235
02:23:42.106,49.256275596485075,-122.92241868674544,29.129084163641362
02:23:42.208,49.25627542316521,-122.92242032719894,29.15936698082217
02:23:42.342,49.256275381595955,-122.92242071146127,29.246461131648704
02:23:42.406,49.256275611964256,-122.9224203092067,29.428501864090055
02:23:42.506,49.25627547086675,-122.92241989604773,29.680284771617416
02:23:42.606,49.25627532410197,-122.92241958012845,29.942094094577662
02:23:42.707,49.25627412311437,-122.92241768658431,30.195478087289793
02:23:42.807,49.2562725197516,-122.92241585198187,30.41185212271114
02:23:42.909,49.25627017062823,-122.92241467580737,30.5706899791472
02:23:43.007,49.25626839490399,-122.92241344841263,30.68606954851408
02:23:43.106,49.25626721892312,-122.9224133636784,30.80220031426949
02:23:43.207,49.25626676839199,-122.92241226426135,30.90609870336686
02:23:43.307,49.256266611845305,-122.92241197240081,30.86517940547579
02:23:43.407,49.25626683418713,-122.92241346599913,30.869248923693192
02:23:43.507,49.25626656200917,-122.92241558975195,30.885224745465045
02:23:43.607,49.25626610512091,-122.9224171680248,30.761077299015845
02:23:43.711,49.25626568249816,-122.92241704377162,30.66007097524336
02:23:43.807,49.25626578370885,-122.922415722412,30.58028018137312
02:23:43.908,49.256266368463294,-122.92241418558442,30.53420840913722
02:23:44.008,49.256266744381094,-122.92241308459175,30.482409005651792
02:23:44.108,49.25626673394933,-122.92241323351578,30.44552039375596
02:23:44.207,49.25626588368514,-122.92241478815566,30.338993331592317
02:23:44.341,49.25626462276341,-122.92241687920593,30.25327073560597
02:23:44.407,49.25626377141079,-122.92241982668928,30.3162189805058
02:23:44.511,49.25626207411284,-122.92242144518765,30.322819700624382
02:23:44.609,49.25626036087817,-122.92242299935755,30.28492998569122
02:23:44.709,49.25625921508219,-122.92242404084881,30.256374982931828
02:23:44.807,49.256257838742734,-122.92242469472058,30.202571179219063
02:23:44.908,49.256256946947936,-122.92242414968668,30.21527121143902
02:23:45.009,49.25625588635314,-122.92242403363682,30.139300021287696
02:23:45.108,49.256255458429244,-122.92242373951088,30.08623641513228
02:23:45.208,49.25625563999646,-122.92242234754897,30.02549413765394
02:23:45.308,49.25625620799207,-122.92242104847243,30.052470990005062
02:23:45.408,49.25625683024667,-122.92241937484904,30.021121261064348
02:23:45.508,49.25625759543306,-122.92241822434745,30.045690513564683
02:23:45.608,49.25625825880474,-122.92241770089367,29.992717131811553
02:23:45.708,49.25625903596457,-122.92241757381815,29.932172705552745
02:23:45.809,49.25625973544645,-122.92241717128152,29.894045841155556
02:23:45.908,49.25625991287316,-122.92241784394191,29.90389116115844
02:23:46.009,49.25626099709953,-122.92241815063674,29.982680092794087
02:23:46.108,49.25626234286461,-122.92241769013833,30.089811212607103
02:23:46.209,49.2562648225113,-122.92241743088132,30.27723869301681
02:23:46.343,49.25626697525336,-122.92241706634685,30.528837449064014
02:23:46.409,49.25626812487037,-122.92241621268226,30.764011669783283
02:23:46.509,49.25626896127695,-122.92241594262225,31.044012754669108
02:23:46.613,49.25626956831748,-122.9224161307232,31.300112692410895
02:23:46.709,49.256269971905525,-122.92241638534115,31.521827613806316
02:23:46.810,49.25627076353598,-122.92241644394225,31.86059043926864
02:23:46.910,49.25627116982814,-122.92241606071391,32.13782365785807
02:23:47.010,49.25627155057094,-122.92241519203309,32.36102966780121
02:23:47.109,49.25627274509424,-122.92241369605435,32.46640815330939
02:23:47.210,49.25627385860546,-122.92241070198226,32.55690656606393
02:23:47.309,49.25627487298689,-122.92240883762915,32.52506854309622
02:23:47.410,49.25627608927457,-122.9224081512723,32.52996485242283
02:23:47.510,49.256276966993724,-122.92240776775559,32.51380162635066
02:23:47.609,49.25627758896308,-122.92240828129673,32.450931729989236
02:23:47.710,49.2562786618318,-122.92240862933838,32.39420579391604
02:23:47.812,49.25627944422703,-122.92240847353523,32.358017855854925
02:23:47.910,49.25628140319917,-122.9224079246294,32.31196306250956
02:23:48.010,49.25628314306672,-122.92240644789099,32.26107974421012
02:23:48.111,49.25628409242191,-122.9224047723702,32.24375921302989
02:23:48.210,49.25628493361182,-122.92240324594893,32.223393323702545
02:23:48.345,49.2562856361684,-122.9224019552395,32.11045201381211
02:23:48.411,49.2562856231612,-122.92240037226506,31.941319813612253
02:23:48.512,49.25628507329208,-122.92239981658055,31.758167769328622
02:23:48.611,49.25628382311769,-122.92239947560944,31.580207347274108
02:23:48.712,49.25628324478375,-122.92239966615993,31.372120780646206
02:23:48.815,49.25628174259659,-122.92240025971795,31.210676269369785
02:23:48.914,49.25627989415841,-122.9224007240139,31.059073502393137
02:23:49.012,49.25627834745093,-122.92240180417731,30.88361294291177
02:23:49.111,49.25627682043316,-122.92240276797065,30.749933403168136
02:23:49.211,49.256274178993344,-122.92240456397273,30.682008912205742
02:23:49.312,49.256271854191496,-122.92240683416426,30.70653862269135
02:23:49.412,49.256270542707945,-122.92240836715429,30.8670841954096
02:23:49.512,49.256270072159104,-122.92240899018957,31.014563988617166
02:23:49.612,49.256269720809456,-122.9224104543972,31.07030273888548
02:23:49.712,49.25626928264605,-122.92240987385732,31.1153226475145
02:23:49.812,49.25626902628323,-122.92240999265434,31.181002567222226
02:23:49.912,49.25626940998285,-122.92241021136918,31.164826346139282
02:23:50.014,49.25627056775201,-122.92241123754505,31.218337420257825
02:23:50.112,49.25627171243656,-122.9224117255148,31.24984908521301
02:23:50.213,49.25627245182846,-122.92241220104556,31.320254731521434
02:23:50.361,49.25627387343573,-122.92241205695382,31.354856939422923
02:23:50.414,49.256274199850566,-122.92241228061916,31.391649241446604
02:23:50.517,49.25627379709741,-122.92241323265421,31.411862420947067
02:23:50.615,49.25627307616052,-122.92241451539513,31.32967557037173
02:23:50.713,49.256270982729184,-122.92241604536417,31.3072436294493
02:23:50.814,49.25626896902705,-122.92241791784679,31.374918705193632
02:23:50.915,49.25626628075631,-122.92241927874308,31.45484958380687
02:23:51.015,49.2562646150967,-122.9224205256731,31.52092390316466
02:23:51.114,49.25626357655739,-122.92242139077523,31.62740818428857
02:23:51.215,49.256263416210146,-122.92242129292967,31.752923524286942
02:23:51.314,49.25626371296393,-122.92242192422998,31.89743389124655
02:23:51.415,49.25626457326058,-122.9224215908796,32.1065759330924
02:23:51.516,49.25626533517048,-122.92242152222909,32.30449631381373
02:23:51.615,49.25626600115237,-122.92242106457614,32.49555997215968
02:23:51.715,49.25626690838201,-122.92241958667742,32.623893331410294
02:23:51.815,49.256268149546365,-122.92241931005753,32.72690816021768
02:23:51.918,49.256269415019574,-122.92241932378658,32.86282221799219
02:23:52.017,49.25627085049079,-122.92241924315144,32.94481320897718
02:23:52.115,49.25627307850084,-122.9224204004895,32.93949112508328
02:23:52.218,49.25627424393563,-122.92242175119996,32.89258693864266
02:23:52.352,49.25627432171444,-122.92242354608432,32.81391773460522
02:23:52.415,49.25627375271549,-122.92242405399,32.72015460865289
02:23:52.516,49.256273395445014,-122.92242419977869,32.59416569139333
02:23:52.615,49.25627281058831,-122.92242424667772,32.49235451589939
02:23:52.716,49.25627124702539,-122.92242370764718,32.378459697817185
02:23:52.816,49.25626927664599,-122.92242257204276,32.29359033161286
02:23:52.920,49.25626659441021,-122.9224210994798,32.19934858357719
02:23:53.018,49.25626449483811,-122.92241958299314,32.162321196323326
02:23:53.116,49.25626298040901,-122.92241881498646,32.19358495357535
02:23:53.216,49.25626187033863,-122.92241820077254,32.20981690242345
02:23:53.316,49.25626220554612,-122.92241775518765,32.23867546474378
02:23:53.416,49.25626314267486,-122.92241692205792,32.2551493254284
02:23:53.517,49.256263927092704,-122.92241546865256,32.19581842919634
02:23:53.616,49.256265773587494,-122.92241334788675,32.114962416716885
02:23:53.717,49.25626828151806,-122.92241215557544,32.00942834411515
02:23:53.816,49.25627096893934,-122.92241097034322,31.849921652801786
02:23:53.917,49.25627348419302,-122.92240887208635,31.71422224803393
02:23:54.018,49.2562752035954,-122.92240697979672,31.67807095702947
02:23:54.117,49.25627661253312,-122.92240528097473,31.753893081108412
02:23:54.217,49.25627766263746,-122.92240385392753,31.85169796483911
02:23:54.351,49.25627873858789,-122.92240216541336,31.91587615028225
02:23:54.417,49.25627893201603,-122.92240145605948,31.95210494649624
02:23:54.518,49.25627958958023,-122.92240153794113,32.05590837102988
02:23:54.618,49.256280259074366,-122.92240060830048,32.121891325785185
02:23:54.718,49.25628053998862,-122.92240119763544,32.202056823246835
02:23:54.818,49.25628173262607,-122.92240140523054,32.28303381480873
02:23:54.918,49.256282780210014,-122.92240255459043,32.36257450708933
02:23:55.020,49.25628399269557,-122.9224034636644,32.41664758395363
02:23:55.118,49.25628470977858,-122.92240374650707,32.36222014612238
02:23:55.218,49.25628436395707,-122.92240315084979,32.26490186817367
02:23:55.318,49.25628313616795,-122.92240352376456,32.141415673962946
02:23:55.419,49.25628198832099,-122.92240343835198,32.01717398599973
02:23:55.518,49.25628070304686,-122.92240301281382,31.920719229907448
02:23:55.619,49.25628012563283,-122.9224028796141,31.74429067787477
02:23:55.719,49.256279897417286,-122.92240354638082,31.433574109461077
02:23:55.819,49.256279643832414,-122.92240379033755,31.1651921087165
02:23:55.919,49.256278851931974,-122.92240517208705,30.879969402889493
02:23:56.021,49.25627852981846,-122.92240580436562,30.56473064638758
02:23:56.119,49.25627828122004,-122.9224064615714,30.318500866568545
02:23:56.219,49.25627770505709,-122.92240562342327,30.028857641183027
02:23:56.354,49.256277565320985,-122.92240436462355,29.92686514697064
02:23:56.420,49.25627652848605,-122.92240317185475,29.897090590804083
02:23:56.520,49.256275206064196,-122.9224029654862,29.930202921434958
02:23:56.619,49.25627441336818,-122.92240347819802,30.026440634214822
02:23:56.720,49.25627459904698,-122.9224037020816,30.212346352691426
02:23:56.820,49.256275549797465,-122.92240393844754,30.415705237904664
02:23:56.920,49.256276369679966,-122.92240438527244,30.586476174467407
02:23:57.022,49.256276428411816,-122.92240606464698,30.903045714303325
02:23:57.121,49.25627655009213,-122.92240678951126,31.143656897565553
02:23:57.220,49.25627705154878,-122.92240548766715,31.341882394804284
02:23:57.321,49.25627723383051,-122.92240472441401,31.511220551349744
02:23:57.421,49.25627717767962,-122.92240412412774,31.715183325799288
02:23:57.521,49.256277235224466,-122.92240397428831,31.964686420427984
02:23:57.621,49.256277951407675,-122.92240362234892,32.24426145397633
02:23:57.721,49.256278829543064,-122.92240303667892,32.46408705720142
02:23:57.821,49.25627957951569,-122.92240280232257,32.58316291831107
02:23:57.922,49.25628084162814,-122.92240197618894,32.61860639857968
02:23:58.026,49.256282819713746,-122.92240197995937,32.70746242750726
02:23:58.122,49.25628506313556,-122.92240210092388,32.79778203653562
02:23:58.222,49.25628720145469,-122.92240239154167,32.88961478315172
02:23:58.356,49.256288683072505,-122.92240293242753,33.000463293947476
02:23:58.422,49.25629034651716,-122.92240373168717,33.16139890033602
02:23:58.527,49.256291932612086,-122.92240476382098,33.268755284635084
02:23:58.626,49.256293305983164,-122.92240502475305,33.33332289953346
02:23:58.723,49.2562950761872,-122.92240522285996,33.30909409202263
02:23:58.826,49.25629659731317,-122.92240512450427,33.22326098741528
02:23:58.926,49.25629692817568,-122.92240449518145,33.06065048089013
02:23:59.027,49.256297297349974,-122.92240506706146,32.95187445524236
02:23:59.127,49.25629724144423,-122.92240755455293,32.90053308659593
02:23:59.224,49.25629676732473,-122.92240898109135,32.872701314133145
02:23:59.324,49.25629654603783,-122.92240937203324,32.76777393072721
02:23:59.424,49.256295764224674,-122.92240980563513,32.59294110821295
02:23:59.525,49.25629450837226,-122.922409850983,32.435177956843894
02:23:59.624,49.25629279352666,-122.92240999042527,32.24663077083995
02:23:59.724,49.25629157223359,-122.92240996509858,32.11558167648785
02:23:59.824,49.25628933042239,-122.92240956931008,31.9575232548197
02:23:59.924,49.25628816636744,-122.92240964101767,31.830405937449353
02:24:00.026,49.25628630363928,-122.92240921676358,31.7366568920839
02:24:00.125,49.25628445859604,-122.92240836840843,31.658711797803203
02:24:00.226,49.25628294260214,-122.92240692177099,31.59132405657656
02:24:00.375,49.256281731927395,-122.92240737766768,31.54131494821962
02:24:00.425,49.25628039515987,-122.92240772156411,31.500446382295227
02:24:00.525,49.25627924496826,-122.92240749965656,31.438940242633805
02:24:00.629,49.256278559797714,-122.9224070614182,31.35238484109961
02:24:00.725,49.25627778966153,-122.92240660759877,31.30182334550197
02:24:00.825,49.25627722067301,-122.92240680906531,31.30068172801251
02:24:00.929,49.25627691354117,-122.92240821819925,31.301159984372212
02:24:01.029,49.2562769376197,-122.92240928832811,31.368088619259115
02:24:01.127,49.2562772708905,-122.92241026875415,31.350501710342613
02:24:01.226,49.256277188765985,-122.92240965793239,31.199821426845343
02:24:01.326,49.25627701738924,-122.92240963905593,31.049377887222757
02:24:01.427,49.25627664566027,-122.92240917555148,30.795538130925387
02:24:01.527,49.25627687824763,-122.92240807030943,30.606449850949573
02:24:01.627,49.25627776944386,-122.92240706885917,30.45774491440592
02:24:01.727,49.256279126647335,-122.92240535159985,30.348427568344118
02:24:01.827,49.25628048498243,-122.92240338832667,30.330390004574078
02:24:01.927,49.25628193827515,-122.92240217518574,30.31967896182128
02:24:02.028,49.256283226958736,-122.9224009043974,30.376934148876472
02:24:02.130,49.25628345529579,-122.92240028887531,30.529864765273114
02:24:02.227,49.256284125249024,-122.92239992153432,30.69511557136313
02:24:02.362,49.25628440838741,-122.92239921506649,30.854699475439585
02:24:02.428,49.25628456944158,-122.92239980740554,31.00780117521805
02:24:02.528,49.25628482497249,-122.92240114902552,31.243419056247447
02:24:02.628,49.25628526742265,-122.92240289803918,31.44072094775392
02:24:02.728,49.256285459735125,-122.92240436808707,31.626382800339602
02:24:02.828,49.256285395892576,-122.92240538679927,31.694023837764377
02:24:02.929,49.25628464909019,-122.92240537340903,31.71523811116208
02:24:03.030,49.25628394915217,-122.9224053707337,31.797438995826063
02:24:03.129,49.25628362173936,-122.92240610669187,31.904774975735872
02:24:03.231,49.25628347670948,-122.92240540103406,31.994430284529866
02:24:03.329,49.25628302900431,-122.9224040144786,31.91389105316766
02:24:03.429,49.25628244897873,-122.9224024550748,31.788207627418863
02:24:03.530,49.25628201883575,-122.92240092466614,31.60629506749042
02:24:03.629,49.2562818183411,-122.92240041349649,31.554107815874584
02:24:03.730,49.256281284881716,-122.92239931594679,31.50486370276995
02:24:03.829,49.256280739643685,-122.92239869715317,31.373554783433086
02:24:03.930,49.25628060940014,-122.92239823846481,31.336801914788094
02:24:04.033,49.25628092409279,-122.92239887234784,31.310626175121673
02:24:04.131,49.25628170002553,-122.9223997393949,31.23866492044302
02:24:04.231,49.256282054347714,-122.92240143810402,31.226276112605305
02:24:04.365,49.25628239981535,-122.92240239836563,31.217946290462546
02:24:04.430,49.25628290850748,-122.92240309805472,31.249852694614113
02:24:04.530,49.256283562204146,-122.92240395272276,31.236580019664988
02:24:04.630,49.25628401025304,-122.92240507207809,31.17604869881599
02:24:04.730,49.25628470953019,-122.92240532583567,31.233583151093086
02:24:04.830,49.25628516967104,-122.92240694634792,31.23901978676448
02:24:04.933,49.25628558518595,-122.92240782428954,31.29282894534052
02:24:05.033,49.25628545126629,-122.92240860291004,31.39315847220946
02:24:05.133,49.25628505327229,-122.92241015292481,31.525104561747575
02:24:05.231,49.25628515466229,-122.92241125478773,31.647434345207333
02:24:05.330,49.25628464417106,-122.92241108669327,31.809089418274898
02:24:05.431,49.25628384297866,-122.92241125990961,31.984680270257336
02:24:05.531,49.25628276118758,-122.9224116308658,32.09508800458206
02:24:05.631,49.2562820419139,-122.9224127074348,32.27092011838711
02:24:05.731,49.256282356535195,-122.9224134246947,32.52423128786626
02:24:05.831,49.256283369148406,-122.92241453299648,32.72605554046184
02:24:05.931,49.256284486321285,-122.9224149368167,32.94381537226041
02:24:06.032,49.25628549129511,-122.92241509209293,33.17118094003545
02:24:06.131,49.25628619029735,-122.92241413288194,33.37314609218278
02:24:06.233,49.25628641951693,-122.92241413596679,33.50616613022247
02:24:06.367,49.25628666859454,-122.92241240290204,33.58319733723886
02:24:06.432,49.25628700172393,-122.92241128031854,33.64102837795337
02:24:06.532,49.25628685916097,-122.92241137860313,33.65895612761863
02:24:06.632,49.25628666556808,-122.92241162327714,33.56970433012782
02:24:06.732,49.256287173041386,-122.92241207932348,33.43254096933874
02:24:06.832,49.256286989211,-122.92241255572583,33.30577819325763
02:24:06.932,49.25628696253184,-122.9224128717733,33.236563857574374
02:24:07.036,49.25628778843137,-122.9224133561529,33.19422738602365
02:24:07.135,49.25628840372504,-122.92241366342907,33.138458013117386
02:24:07.235,49.256289532121755,-122.92241405888205,33.13356250984212
02:24:07.332,49.25629080236677,-122.92241408371964,33.177364465021284
02:24:07.432,49.25629223050833,-122.92241307355724,33.14240775798465
02:24:07.533,49.25629301240564,-122.92241141688505,33.179760004062466
02:24:07.632,49.256294349323106,-122.92240936340971,33.198226392373265
02:24:07.733,49.256295997160066,-122.92240695891346,33.20440279100644
02:24:07.833,49.25629797035073,-122.92240581242278,33.23537973659639
02:24:07.933,49.25629909170291,-122.92240630583142,33.178976385529786
02:24:08.035,49.25629945651824,-122.92240559145812,33.068858973011224
02:24:08.134,49.2563010909943,-122.92240501102724,32.99258059905511
02:24:08.233,49.25630246760596,-122.92240461192928,32.97369101459005
02:24:08.368,49.25630339886717,-122.92240331642509,32.97159437953037
02:24:08.434,49.25630407167042,-122.9224033121035,32.89496386679878
02:24:08.535,49.25630418720469,-122.92240163590166,32.97855767738503
02:24:08.634,49.25630430263268,-122.92239965080203,32.985052931892795
02:24:08.734,49.25630421405352,-122.92239808711244,33.01550495854786
02:24:08.834,49.25630363216341,-122.92239740980442,33.111347352389316
02:24:08.935,49.25630250855009,-122.92239820599873,33.16912503668686
02:24:09.039,49.256300757732475,-122.92239810322694,33.24106235406788
02:24:09.138,49.25629947372237,-122.92239874252581,33.21418971878498
02:24:09.235,49.25629908475247,-122.9223993803642,33.22752260180307
02:24:09.335,49.25629939651952,-122.92240042879328,33.27085317381191
02:24:09.436,49.256300036295194,-122.92240180425827,33.331922537958654
02:24:09.536,49.256300390006274,-122.92240286870525,33.363105417467885
02:24:09.636,49.256300380290554,-122.92240402314756,33.3109483258327
02:24:09.736,49.256300911569376,-122.92240535692012,33.24037410839044
02:24:09.836,49.25630169750652,-122.92240688687848,33.05125880804452
02:24:09.936,49.25630248341574,-122.9224082915275,32.855837738278446
02:24:10.041,49.25630252757829,-122.92240892316886,32.72626972381469
02:24:10.139,49.2563025834818,-122.92241014824062,32.63739683831307
02:24:10.237,49.256303454262955,-122.92241052193272,32.62503069313231
02:24:10.385,49.25630461378891,-122.92241156369063,32.704927579002494
02:24:10.437,49.256305522750154,-122.922411903643,32.817491326896395
02:24:10.538,49.25630696696236,-122.92241216754196,32.90055930415897
02:24:10.637,49.256307681312656,-122.92241319258855,32.99775320289718
02:24:10.737,49.25630837138103,-122.92241379092101,33.15610169227613
02:24:10.837,49.2563086277261,-122.92241456246006,33.30991308019102
02:24:10.941,49.25630888808182,-122.92241368181611,33.38729528684872
02:24:11.041,49.256308836428204,-122.92241197272566,33.443499779642046
02:24:11.140,49.25630893541238,-122.92241066135057,33.540920210055674
02:24:11.238,49.256308726633385,-122.92240969209404,33.6399707556269
02:24:11.340,49.25630838447446,-122.92240964082302,33.76755339420771
02:24:11.439,49.25630811655583,-122.9224082310962,33.87528301741111
02:24:11.539,49.25630821390786,-122.922407106285,34.03598898757907
02:24:11.638,49.25630816300411,-122.92240615599776,34.13523366825414
02:24:11.738,49.256308055503524,-122.92240660339024,34.210738295487694
02:24:11.838,49.256308133396026,-122.92240771556024,34.194481827789026
02:24:11.939,49.256307952682214,-122.92240931641707,34.20693675852325
02:24:12.039,49.256307798868406,-122.92240975090183,34.248178769267504
02:24:12.142,49.256308013946764,-122.92241076906947,34.30586138644421
02:24:12.239,49.25630890010959,-122.92241179085607,34.29734349621107
02:24:12.373,49.25630972419092,-122.9224127579852,34.332025790151526
02:24:12.438,49.25631074647304,-122.92241276489199,34.36395033285358
02:24:12.541,49.256311350309716,-122.92241217536737,34.43760653614927
02:24:12.639,49.25631150039431,-122.92241136222955,34.6077574924704
02:24:12.739,49.256310590016994,-122.92241081028267,34.705805962628844
02:24:12.839,49.25630976595429,-122.92241172826981,34.890478175455456
02:24:12.940,49.25630942458906,-122.92241345801645,35.1051278211877
02:24:13.054,49.25630822948191,-122.92241512466731,35.262074022446264
02:24:13.139,49.256306981246716,-122.92241628486505,35.335630267782086
02:24:13.239,49.25630585314885,-122.92241742922609,35.33852591856111
02:24:13.340,49.25630478090078,-122.92241690701455,35.2676229161059
02:24:13.440,49.25630395842172,-122.92241607845317,35.161339084964006
02:24:13.541,49.25630231612536,-122.92241630586285,35.03583810925438
02:24:13.640,49.25630100642136,-122.92241636485498,34.92377674628051
02:24:13.740,49.25629985428546,-122.9224162589411,34.814930795686344
02:24:13.840,49.25629969346618,-122.92241606436134,34.78357119787302
02:24:13.941,49.256300240600694,-122.92241523077956,34.79241225324748
02:24:14.041,49.25630087734059,-122.92241483380492,34.69172697186809
02:24:14.142,49.256301669577255,-122.922415121465,34.659730012780734
02:24:14.242,49.25630311199857,-122.92241413511445,34.60914870700633
02:24:14.376,49.25630539262908,-122.92241188415764,34.63289205635787
02:24:14.440,49.25630726891365,-122.92241096596427,34.69766826077467
02:24:14.542,49.256309336895605,-122.92241017151098,34.78376885145257
02:24:14.641,49.25631130765415,-122.92240899928747,34.8649941616733
02:24:14.741,49.256313694529084,-122.92240717958624,34.975607277192864
02:24:14.841,49.25631620355947,-122.92240593833574,35.062882962748866
02:24:14.941,49.256318134917926,-122.92240493121443,35.064345125362955
02:24:15.046,49.25632083020033,-122.92240355930313,35.2021287344692
02:24:15.142,49.2563228811726,-122.92240250784224,35.3523524624521
02:24:15.244,49.25632524172878,-122.92240182314762,35.47683991992374
02:24:15.342,49.2563276977032,-122.92240008166043,35.59778862043612
02:24:15.442,49.256329422942514,-122.92239838408142,35.74550688868446
02:24:15.543,49.256331070709415,-122.92239722207226,35.86791550838977
02:24:15.642,49.25633113629143,-122.92239811964295,35.994456318505456
02:24:15.742,49.25633034130094,-122.92239844949063,36.098963277898704
02:24:15.843,49.25632914060519,-122.92239775165217,36.32967947818153
02:24:15.942,49.256328817155506,-122.92239716354798,36.51029544722378
02:24:16.044,49.256328166429995,-122.92239746274282,36.68543288666664
02:24:16.143,49.256327324280896,-122.92239778957372,36.81665958755288
02:24:16.243,49.25632636259896,-122.92239816376768,36.94156565075179
02:24:16.377,49.25632551483805,-122.92239928899579,37.063787939436644
02:24:16.448,49.25632460785661,-122.92240015095427,37.07145885051793
02:24:16.544,49.25632311451199,-122.92240039957358,37.05838738423813
02:24:16.643,49.256321498489015,-122.92240043613064,37.03794561990515
02:24:16.744,49.25631934233856,-122.9224003783581,36.970413760909466
02:24:16.844,49.256317599837736,-122.92240048484423,36.86925689965795
02:24:16.944,49.256316570212,-122.92240051082857,36.83038763274618
02:24:17.045,49.25631635737095,-122.92240152133132,36.79286647102508
02:24:17.144,49.25631659813642,-122.92240192145647,36.6615767105823
02:24:17.244,49.25631708294072,-122.92240211715583,36.55890873582186
02:24:17.345,49.256317891193646,-122.92240250740682,36.503205421169376
02:24:17.445,49.256318064561285,-122.92240295013772,36.465831993622665
02:24:17.547,49.25631814169862,-122.92240232838766,36.379049305579315
02:24:17.646,49.25631799215709,-122.92240259508938,36.18990470129405
02:24:17.746,49.25631814800624,-122.92240205114062,35.958855323525185
02:24:17.845,49.2563183093736,-122.92240151626496,35.77273600398311
02:24:17.946,49.25631842569361,-122.92240154396242,35.60745509520152
02:24:18.047,49.256318215597815,-122.9224018187997,35.42795532812052
02:24:18.147,49.256317453456056,-122.92240171411459,35.24839317641682
02:24:18.246,49.25631675095666,-122.92240151055232,35.12843686980171
02:24:18.380,49.25631591053669,-122.92240051722678,35.030893608466464
02:24:18.447,49.25631531107832,-122.92239987149074,34.87588043358206
02:24:18.550,49.25631453666828,-122.92240050094838,34.82006076112539
02:24:18.647,49.25631318979674,-122.9224006942334,34.8248375252546
02:24:18.747,49.256311957279884,-122.92240091989194,34.90914615978324
02:24:18.847,49.2563111495104,-122.92240082527083,34.956340561304195
02:24:18.948,49.25631123326448,-122.92240029919705,35.11010142923011
02:24:19.048,49.25631192636936,-122.92240106273971,35.229257600683184
02:24:19.147,49.256312933587175,-122.92240170946988,35.31945359219821
02:24:19.248,49.256313744168146,-122.92240156046898,35.35903286982889
02:24:19.347,49.25631358681324,-122.92240063063744,35.29066498779282
02:24:19.448,49.25631239826581,-122.92239888254052,35.20901829139274
02:24:19.549,49.25631106237646,-122.92239771976912,35.0391930755251
02:24:19.648,49.25631011815741,-122.92239682425316,34.89401804545833
02:24:19.748,49.256309439943024,-122.92239577496842,34.73158447777903
02:24:19.848,49.25630824366476,-122.92239495922304,34.53827274234053
02:24:19.948,49.256307327072726,-122.92239434339878,34.371350830721006
02:24:20.053,49.256306646662615,-122.92239432068106,34.25458545234364
02:24:20.151,49.2563059191634,-122.92239526788532,34.10434402337926
02:24:20.248,49.25630504521883,-122.92239654820396,33.958904748445796
02:24:20.397,49.256304343694126,-122.92239719766529,33.85082443445798
02:24:20.450,49.256303640860274,-122.92239828823683,33.664977343787605
02:24:20.551,49.2563043839219,-122.92239971190634,33.568827728535055
02:24:20.650,49.25630341582751,-122.9224011596536,33.32634803459345
02:24:20.750,49.25630224510279,-122.92240129551256,33.095716277680914
02:24:20.850,49.2563007337135,-122.92240118157903,32.88602644262425
02:24:20.949,49.256300105028686,-122.92240073834334,32.70598364968558
02:24:21.051,49.2562996576055,-122.92239981763967,32.57183982098828
02:24:21.150,49.25629908214509,-122.92240023443426,32.4998413585683
02:24:21.250,49.25629884221941,-122.92240176175419,32.43432278241793
02:24:21.350,49.256298633639524,-122.92240312841105,32.42345420419759
02:24:21.450,49.256299265370146,-122.92240432567938,32.515020858757
02:24:21.555,49.25630044028044,-122.92240545868498,32.57391997977463
02:24:21.651,49.256301848844956,-122.92240637082118,32.66283495406068
02:24:21.751,49.256302804684445,-122.92240741446682,32.779910982726996
02:24:21.851,49.25630305387316,-122.92240846843278,32.92776504197309
02:24:21.951,49.256302455146574,-122.9224091415027,33.03854399294642
02:24:22.052,49.25630199815186,-122.92241062748516,33.17957440829272
02:24:22.151,49.25630168773785,-122.92241069393248,33.21790575027317
02:24:22.251,49.25630150726882,-122.92241125871952,33.15713168002568
02:24:22.385,49.256301523025144,-122.922410723785,33.05392830014435
02:24:22.455,49.25630105207948,-122.92240987767724,32.923587288811895
02:24:22.552,49.25629993227828,-122.92240872076829,32.72603724569431
02:24:22.653,49.25629840741162,-122.92240734126,32.55902758015871
02:24:22.752,49.25629735406885,-122.92240668952572,32.433341096130086
02:24:22.852,49.25629617307634,-122.92240598034041,32.296645349455424
02:24:22.952,49.2562943479539,-122.92240577272108,32.19624328763975
02:24:23.053,49.25629280519381,-122.92240621999517,32.13470471407414
02:24:23.154,49.25629133407505,-122.92240512847305,32.07389002613214
02:24:23.253,49.256289528836994,-122.92240371907977,31.96601464918753
02:24:23.353,49.25628890960636,-122.92240271383328,31.993699845922432
02:24:23.453,49.25628869901403,-122.92240117743914,32.04057311200724
02:24:23.554,49.25628827782582,-122.9223997236007,32.05297097693429
02:24:23.654,49.25628807471723,-122.9223988316887,32.07753821968973
02:24:23.754,49.256289026557994,-122.92239780789025,32.09123237556202
02:24:23.853,49.25628999456439,-122.92239647514528,32.12372084691454
02:24:23.954,49.25629106704411,-122.92239495130825,32.09145279451799
02:24:24.055,49.256292456089156,-122.92239457897188,32.104622651417586
02:24:24.154,49.256293650565006,-122.92239530942145,32.125022562775335
02:24:24.254,49.25629521699744,-122.9223961503055,32.08047147399891
02:24:24.388,49.25629630224043,-122.92239740929286,31.99861367045357
02:24:24.457,49.25629711962877,-122.92239967283658,31.89308168520188
02:24:24.555,49.256297982855116,-122.9224003636686,31.721555206985762
02:24:24.655,49.25629918011633,-122.92240122170503,31.604767932430683
02:24:24.754,49.256300737402405,-122.92240104751858,31.39595998876616
02:24:24.854,49.256301901924395,-122.92240007720297,31.265696423430523
02:24:24.955,49.256302525978725,-122.92239897949406,31.267808324975082
02:24:25.055,49.25630412432687,-122.9223974246451,31.24037442649248
02:24:25.155,49.25630592630227,-122.92239599613812,31.273806845817788
02:24:25.254,49.25630776377372,-122.92239522893598,31.393016316768108
02:24:25.355,49.25630938511903,-122.92239433182873,31.526278209625378
02:24:25.456,49.25631100139801,-122.92239302530032,31.65008138315742
02:24:25.555,49.25631225122539,-122.92239294549805,31.750697746303562
02:24:25.658,49.25631327716103,-122.92239311038546,31.876915166532722
02:24:25.757,49.25631389060143,-122.92239279605676,32.008756520387635
02:24:25.855,49.25631472181861,-122.92239294210813,32.18125011742462
02:24:25.956,49.256315052392,-122.92239370667507,32.29792944400837
02:24:26.056,49.25631595017429,-122.92239337166815,32.33233362131016
02:24:26.155,49.25631636533176,-122.92239328231938,32.36799623447881
02:24:26.255,49.256317513222,-122.9223935059357,32.33053769361595
02:24:26.389,49.25631791582168,-122.92239304010678,32.33135539129176
02:24:26.456,49.256316836044974,-122.92239321875851,32.40768779720684
02:24:26.556,49.256315426828195,-122.92239302542498,32.51501582032445
02:24:26.656,49.25631383370537,-122.92239314700873,32.6474915797938
02:24:26.755,49.25631120659405,-122.9223925392699,32.68315584580937
02:24:26.856,49.25630920406152,-122.92239269979073,32.67578549788198
02:24:26.956,49.2563079103354,-122.92239279360231,32.626516578523805
02:24:27.056,49.256307357126225,-122.92239342885232,32.5582705070951
02:24:27.156,49.25630746495495,-122.92239272496727,32.40770453181775
02:24:27.256,49.25630776297034,-122.92239182015051,32.35029892434928
02:24:27.356,49.25630851219463,-122.92239158123779,32.1853208981308
02:24:27.456,49.256308826485046,-122.92239143838461,32.0466202903382
02:24:27.556,49.25630920578382,-122.92239155483082,31.945743613139758
02:24:27.660,49.25630921268843,-122.92239161296826,31.878890858044944
02:24:27.757,49.25630916001972,-122.92239095781669,31.761687014540648
02:24:27.857,49.25630885427273,-122.92238995772658,31.55361782179334
02:24:27.957,49.25630935006507,-122.92238875268357,31.426159425639163
02:24:28.057,49.256310126795675,-122.92238801294212,31.431061184151904
02:24:28.165,49.256310632101545,-122.922386942715,31.416023371879472
02:24:28.257,49.25631135868556,-122.92238610346767,31.387055270299054
02:24:28.391,49.25631127206364,-122.92238607412449,31.422924478892565
02:24:28.457,49.25631072212437,-122.92238569293379,31.470077698672927
02:24:28.558,49.256311130374236,-122.92238608550169,31.501701941929923
02:24:28.659,49.25631231779578,-122.92238587353792,31.53107220697438
02:24:28.756,49.25631321576875,-122.92238570605696,31.63564007903279
02:24:28.857,49.25631263460901,-122.9223857758467,31.7638820463497
02:24:28.957,49.2563117850452,-122.92238656893201,31.859368813486068
02:24:29.058,49.25631088223184,-122.92238573967857,32.00144078233617
02:24:29.157,49.25630975120191,-122.92238566054111,32.13646538287927
02:24:29.257,49.25630965518281,-122.9223865497613,32.26559213981367
02:24:29.357,49.256309624362764,-122.92238772410339,32.41646898921447
02:24:29.458,49.25630930202913,-122.92239050939267,32.604245716321614
02:24:29.558,49.25630961896175,-122.92239220098934,32.75425968881064
02:24:29.660,49.25630950005214,-122.92239308798607,32.92837179881785
02:24:29.758,49.25630888656959,-122.92239363129673,33.18804014727546
02:24:29.858,49.256307768320625,-122.9223947618211,33.39613748900958
02:24:29.959,49.25630686149853,-122.92239530916278,33.52038506057681
02:24:30.059,49.256306846525014,-122.92239634639837,33.654899558754956
02:24:30.158,49.25630742592218,-122.92239756107827,33.70306327050416
02:24:30.258,49.25630853153993,-122.92239810890011,33.726863583083386
02:24:30.407,49.2563094623262,-122.92239964368054,33.68249608346354
02:24:30.461,49.25631018663956,-122.92240103936582,33.66005676944924
02:24:30.561,49.25631151271008,-122.92240109625217,33.645637222094855
02:24:30.661,49.256312549693206,-122.92240030079991,33.62052667099031
02:24:30.761,49.25631255069252,-122.9224001784049,33.48136731746894
02:24:30.859,49.25631196029965,-122.92239924996693,33.36523000309174
02:24:30.960,49.256312003284165,-122.92239778500395,33.266645477032
02:24:31.059,49.25631201501704,-122.92239824026498,33.1349061876207
02:24:31.159,49.25631202849048,-122.92239824789024,32.96685082802073
02:24:31.258,49.256311945108436,-122.92239845829346,32.86975352044794
02:24:31.360,49.25631187848687,-122.9223982637049,32.75215347892629
02:24:31.460,49.256311815946006,-122.92239809138074,32.70653174021825
02:24:31.560,49.256312831612306,-122.92239602971678,32.61394259710311
02:24:31.659,49.256313270033665,-122.92239430215326,32.440766257969265
02:24:31.759,49.25631350622696,-122.92239294555232,32.20138333708893
02:24:31.858,49.25631323684217,-122.92239253396671,31.9502379925293
02:24:31.960,49.25631300788888,-122.92239055496329,31.72371101738319
02:24:32.061,49.256312926299394,-122.92238879552531,31.502686136885583
02:24:32.160,49.256312886906905,-122.92238771295831,31.45880381885474
02:24:32.263,49.256312253697914,-122.92238727233938,31.541375706143146
02:24:32.397,49.25631167097944,-122.92238616228504,31.692763823833477
02:24:32.460,49.2563103722767,-122.92238654310773,31.852354679560182
02:24:32.561,49.25630940386872,-122.92238630185484,31.93824488010548
02:24:32.693,49.25630850212489,-122.92238630712322,32.10079161315871
02:24:32.764,49.256307847467895,-122.92238729608991,32.25006775665097
02:24:32.862,49.256307117702555,-122.92238789508284,32.39315991923194
02:24:32.962,49.256306538086875,-122.92238778045136,32.48399091334268
02:24:33.062,49.256305522313085,-122.92238744333189,32.51698968878713
02:24:33.194,49.25630435355525,-122.92238568898603,32.52772247865447
02:24:33.262,49.25630343973384,-122.92238444880044,32.63471136462454
02:24:33.363,49.25630290765959,-122.92238336911461,32.817127116063304
02:24:33.461,49.25630250824477,-122.92238348990497,32.971208536977436
02:24:33.561,49.2563017604368,-122.92238450162502,33.16168123326747
02:24:33.694,49.25630147431651,-122.92238651135129,33.24705244820765
02:24:33.761,49.25630083501649,-122.92238866614485,33.30999285076319
02:24:33.863,49.256301071947036,-122.92238940146281,33.31415046007402
02:24:33.962,49.25630092291656,-122.92239068003325,33.23680264325171
02:24:34.063,49.25630072982342,-122.92239198110046,33.15108875050738
02:24:34.194,49.25630113821596,-122.9223937887104,33.084346221581804
02:24:34.265,49.256301787169136,-122.92239457440056,33.04032397963516
02:24:34.400,49.2563025483905,-122.92239477604267,33.01389931530734
02:24:34.466,49.25630330343343,-122.92239419212699,32.89434792051452
02:24:34.566,49.25630319847365,-122.92239323252993,32.84608791373696
02:24:34.699,49.25630280458837,-122.92239371053483,32.77126828186272
02:24:34.763,49.256301431684186,-122.92239452228284,32.66789986564021
02:24:34.866,49.25630080529695,-122.92239551421928,32.54407948287793
02:24:34.964,49.2563005681338,-122.92239629118355,32.49977024994959
02:24:35.064,49.25629998344248,-122.92239656542648,32.41022915092807
02:24:35.196,49.2562994818473,-122.92239597672136,32.331205238879654
02:24:35.267,49.25629939540837,-122.92239704253977,32.25001454967521
02:24:35.363,49.25630021189605,-122.92239813138221,32.188702964607224
02:24:35.464,49.256300595292856,-122.92239896803245,32.059988744927146
02:24:35.564,49.256300964447604,-122.92239817380816,31.93045882997642
02:24:35.700,49.256300954033485,-122.92239799305271,31.716520826932662
02:24:35.767,49.25630072611862,-122.92239787438972,31.363364075736982
02:24:35.865,49.256300928020146,-122.92239770336651,30.99222963776611
02:24:35.965,49.25630145213342,-122.92239813776636,30.659654632801185
02:24:36.065,49.25630236421449,-122.92239844654479,30.380713686440522
02:24:36.197,49.256302853670114,-122.92239899041924,30.197987245503967
02:24:36.264,49.25630363166018,-122.92239999779947,30.068904587027642
02:24:36.399,49.256304498865475,-122.92240077366633,29.99604049122793
02:24:36.465,49.256305170302326,-122.9224016311985,30.08449644437296
02:24:36.566,49.256305506458176,-122.92240203778877,30.241157206387825
02:24:36.697,49.25630574585308,-122.92240238817105,30.397505549105585
02:24:36.765,49.25630563704678,-122.9224020610439,30.590263914003074
02:24:36.868,49.25630562263299,-122.9224012659711,30.877192869335797
02:24:36.969,49.25630582831319,-122.92240064787595,31.12509007528249
02:24:37.066,49.25630614905077,-122.92239951533739,31.382790428512834
02:24:37.199,49.25630705831335,-122.92239838339572,31.629178933395604
02:24:37.266,49.25630757753696,-122.92239668575972,31.694990668360635
02:24:37.367,49.25630765016587,-122.92239662352733,31.67719830222512
02:24:37.467,49.256307486740475,-122.92239633612915,31.596304211838035
02:24:37.567,49.25630716041409,-122.92239639452491,31.489740825312015
02:24:37.699,49.25630744299205,-122.92239542580624,31.470692555957932
02:24:37.767,49.256307141946216,-122.92239312910208,31.392192731234136
02:24:37.867,49.25630711476722,-122.9223925258494,31.375077455191416
02:24:37.967,49.25630663037095,-122.92239273196894,31.39889239436696
02:24:38.069,49.256305959001956,-122.92239345376048,31.430670041329698
02:24:38.200,49.25630538471236,-122.92239439780342,31.396210165738324
02:24:38.268,49.256304720937656,-122.92239381983322,31.39057270515067
02:24:38.402,49.25630405941418,-122.9223937475312,31.525640203886837
02:24:38.467,49.256303254288284,-122.92239365058819,31.6586213348075
02:24:38.571,49.256302375212286,-122.92239497624968,31.850661714974578
02:24:38.703,49.25630186394897,-122.92239571114764,32.08998475891236
02:24:38.771,49.25630151550567,-122.9223959180873,32.3307544234324
02:24:38.871,49.25630238304852,-122.92239631438635,32.60531861229982
02:24:38.969,49.25630340175915,-122.92239731928345,32.86078578873742
02:24:39.069,49.25630499647161,-122.9223971434231,33.02845900645353
02:24:39.201,49.25630713782363,-122.9223950388751,33.09013182224625
02:24:39.269,49.25630893749183,-122.92239365092121,33.16137688036993
02:24:39.368,49.25631048867166,-122.92238942577764,33.1121496228348
02:24:39.469,49.25631189968493,-122.92238622704306,33.04235760445106
02:24:39.570,49.25631295421732,-122.9223843373841,32.864690668667954
02:24:39.702,49.25631442959437,-122.92238304109797,32.731618894879624
02:24:39.773,49.256315776020934,-122.92238263937917,32.64095405304597
02:24:39.873,49.25631650615218,-122.92238143746134,32.64852124085602
02:24:39.974,49.256317177475545,-122.92238064512797,32.70352387328813
02:24:40.072,49.25631754896294,-122.92238102846834,32.86815324704527
02:24:40.204,49.25631760323553,-122.92238108079923,32.992576484306284
02:24:40.271,49.25631733590737,-122.92238167669879,33.102212104454
02:24:40.420,49.25631794085529,-122.92238169663977,33.22362804699167
02:24:40.471,49.25631847613583,-122.92238340953267,33.376919422886175
02:24:40.571,49.25631912375318,-122.92238496190824,33.56641735239577
02:24:40.702,49.25632017001076,-122.92238596675087,33.636169294002976
02:24:40.774,49.256321273708245,-122.9223871701835,33.636607699489204
02:24:40.874,49.25632288204781,-122.92238931934422,33.6212605970872
02:24:40.974,49.25632422213735,-122.92239102601073,33.502251614293996
02:24:41.073,49.25632570018285,-122.92239155433059,33.27889614768313
02:24:41.206,49.256326790868535,-122.92239194750958,33.133740479995396
02:24:41.272,49.25632805615131,-122.92239208914926,33.04682970713222
02:24:41.372,49.25632812423101,-122.92239362009217,32.98283895470693
02:24:41.472,49.256327954551146,-122.92239546169888,33.021647203249806
02:24:41.573,49.25632662901667,-122.92239798499868,33.033250940652636
02:24:41.705,49.25632528842082,-122.92240109039298,33.08102745560912
02:24:41.773,49.2563250091431,-122.92240252875008,33.11903998689281
02:24:41.876,49.25632459671699,-122.92240337499989,33.12393823736743
02:24:41.975,49.25632440395613,-122.92240368907287,33.13487671541864
02:24:42.074,49.25632417384218,-122.9224031272215,33.17881686171391
02:24:42.206,49.25632338082449,-122.92240265487776,33.18479086706385
02:24:42.273,49.25632265014074,-122.92240214292693,33.16727807311306
02:24:42.407,49.25632223195545,-122.92240119721377,33.14169156486547
02:24:42.475,49.256320943518666,-122.92239984581059,33.11730053988637
02:24:42.575,49.25631938003082,-122.92239920895764,33.02678547856187
02:24:42.706,49.25631782993124,-122.92239853658891,33.0187608422885
02:24:42.773,49.25631628749519,-122.92239887541322,32.96273883367827
02:24:42.873,49.25631425198851,-122.92239918248004,32.92827514105082
02:24:42.974,49.2563120198893,-122.92239939450143,32.91272326988815
02:24:43.075,49.25631001606228,-122.92239799839031,32.920321156989914
02:24:43.187,49.25630834397265,-122.92239735616636,33.042852009025005
02:24:43.283,49.25630749819099,-122.92239674565896,33.1661228686591
02:24:43.373,49.256307664524314,-122.92239697788563,33.32141349055633
02:24:43.474,49.25630807944289,-122.9223972897225,33.401924649007235
02:24:43.575,49.2563096093657,-122.92239705211242,33.40805319568553
02:24:43.687,49.25631143491559,-122.92239696697203,33.324933361853795
02:24:43.775,49.256313503069514,-122.9223973353921,33.26671188790802
02:24:43.874,49.25631524116148,-122.92239816103756,33.21965687929807
02:24:43.975,49.25631642620953,-122.92239930640194,33.068188758675696
02:24:44.079,49.256317813505824,-122.92239967419114,32.91644223069397
02:24:44.187,49.25631923020848,-122.92239958884538,32.81328739752727
02:24:44.275,49.25632012643396,-122.9224005051286,32.66460526414819
02:24:44.409,49.25632152457025,-122.92240078090596,32.55440320692979
02:24:44.476,49.25632291019109,-122.92240147330345,32.51885747307152
02:24:44.576,49.256323704702055,-122.92240201455249,32.50273571681063
02:24:44.687,49.25632436702226,-122.92240269038592,32.55388369559457
02:24:44.776,49.25632340968156,-122.92240314760959,32.629333119731605
02:24:44.876,49.25632229758647,-122.92240302496465,32.74818558108727
02:24:44.977,49.256321358415924,-122.92240275832589,32.93340370148916
02:24:45.081,49.25631978596205,-122.92240315789385,33.04769834026822
02:24:45.188,49.256317981122784,-122.92240317554791,33.214167814364004
02:24:45.278,49.25631628225212,-122.9224029767192,33.41273530574365
02:24:45.377,49.256315967191576,-122.92240163270013,33.58521116623154
02:24:45.477,49.25631597701256,-122.92240091930316,33.65622639120347
02:24:45.578,49.25631591193004,-122.92240074630493,33.77893796406284
02:24:45.687,49.25631611977877,-122.92239998960143,33.8387252922942
02:24:45.777,49.2563164647155,-122.92239958785859,33.85802323410809
02:24:45.877,49.25631622847694,-122.92239890249638,33.82957869250588
02:24:45.977,49.25631704384636,-122.92239874568659,33.67873024560254
02:24:46.082,49.2563185367847,-122.92239764878397,33.447178594129966
02:24:46.187,49.25631985165055,-122.92239558894819,33.251362584372124
02:24:46.279,49.25632109257327,-122.92239347556692,33.05929998022151
02:24:46.413,49.25632329861023,-122.92239115310605,32.85898392194544
02:24:46.478,49.25632580218071,-122.92238933004056,32.73272855808794
02:24:46.579,49.25632800586135,-122.92238973229136,32.62705144992083
02:24:46.686,49.256329089152786,-122.92239049132966,32.58118772555002
02:24:46.778,49.25632985507647,-122.92239028499645,32.68465407378553
02:24:46.878,49.256330323376005,-122.92239037588014,32.749052886550096
02:24:46.979,49.256331009038256,-122.92238973394693,32.91447236439366
02:24:47.079,49.256331301223376,-122.92238907078173,33.070632863751115
02:24:47.187,49.25633127173807,-122.92238861178281,33.27262496516463
02:24:47.279,49.25633112692427,-122.92238781424315,33.52157960534686
02:24:47.379,49.25633104625667,-122.92238703364181,33.677449706525856
02:24:47.479,49.256331673843185,-122.92238528825642,33.74878472777179
02:24:47.580,49.25633154849357,-122.92238367640309,33.83412749044029
02:24:47.686,49.25633072856546,-122.92238231299562,33.87496794949852
02:24:47.780,49.256329686087604,-122.9223821364553,33.985962585349405
02:24:47.879,49.25632912395612,-122.92238418130684,34.05193282109408
02:24:47.980,49.256328665856614,-122.92238717188698,34.06688197402624
02:24:48.080,49.25632840579739,-122.92239023019896,34.01481520892714
02:24:48.186,49.256328020976646,-122.92239352017062,33.930710349886596
02:24:48.280,49.2563274233577,-122.92239667429935,33.85857001709848
02:24:48.415,49.25632682430606,-122.92239902383811,33.77518189619246
02:24:48.481,49.2563260984329,-122.92240134788193,33.72353215670461
02:24:48.582,49.25632465263672,-122.92240340838971,33.75541135631041
02:24:48.686,49.25632331749539,-122.92240454694748,33.865748888896285
02:24:48.781,49.256320743656865,-122.92240459406298,33.92210604461001
02:24:48.880,49.256318636489226,-122.92240306363962,33.918251801090065
02:24:48.981,49.256317014120114,-122.92240108463612,33.98076361815819
02:24:49.081,49.25631655001122,-122.9223987102658,34.10694785850116
02:24:49.200,49.25631663018958,-122.92239727453678,34.2319938393912
02:24:49.282,49.25631686633985,-122.92239630575995,34.49183298564452
02:24:49.381,49.25631744952773,-122.92239703130524,34.76233874624199
02:24:49.481,49.256318538556584,-122.92239896302158,34.994128282422786
02:24:49.582,49.25631900623612,-122.92240226448868,35.280122190513204
02:24:49.685,49.25631910330169,-122.92240455369844,35.519042893079565
02:24:49.782,49.25631949191102,-122.92240657526442,35.72609601007008
02:24:49.881,49.25632038639636,-122.92240853357333,35.83372612744616
02:24:49.982,49.25632230327598,-122.92240793144141,35.77630721515239
02:24:50.082,49.256324422475785,-122.92240725217563,35.7640811680464
02:24:50.185,49.25632691905788,-122.9224060669471,35.70779499743049
02:24:50.282,49.256329690614415,-122.92240449218475,35.59167078764635
02:24:50.431,49.25633235644115,-122.9224018999558,35.4460115138497
02:24:50.482,49.25633405995017,-122.92239946008793,35.25488255039707
02:24:50.583,49.25633463407104,-122.92239862600535,35.08672040377567
02:24:50.685,49.25633547461328,-122.92239790579126,34.97092102138972
02:24:50.783,49.25633584298645,-122.92239842874002,34.76393168151762
02:24:50.882,49.25633535117734,-122.92239925654576,34.56487402401349
02:24:50.982,49.25633307602073,-122.92240046079664,34.43809228605518
02:24:51.083,49.256330449419835,-122.92240202475715,34.2646184389734
02:24:51.185,49.25632747756387,-122.92240271408956,34.18825449180735
02:24:51.282,49.256324865957204,-122.9224040238819,34.032314617883316
02:24:51.385,49.25632245070765,-122.92240372515354,33.90789755584335
02:24:51.483,49.25632074980857,-122.92240270108923,33.87057645032414
02:24:51.584,49.256319846752355,-122.9224017980965,33.885299813948784
02:24:51.685,49.25631805085717,-122.92240112448602,33.92690479494236
02:24:51.784,49.25631593905754,-122.92240033495756,34.01615108034903
02:24:51.883,49.25631315692431,-122.92240124957722,34.03553336117453
02:24:51.984,49.25630985516111,-122.92240203618776,34.07834770341596
02:24:52.088,49.256306867036564,-122.9224026914123,34.188278831787464
02:24:52.184,49.25630501442788,-122.92240299950724,34.1918678895606
02:24:52.283,49.256303889814355,-122.9224025588202,34.18662748010797
02:24:52.417,49.256304053900244,-122.92240241307056,34.091256933219405
02:24:52.484,49.25630431455317,-122.92240289570356,33.99446118235529
02:24:52.585,49.25630501431583,-122.92240300649038,33.83812073505973
02:24:52.684,49.25630559634176,-122.92240271884786,33.6755030662268
02:24:52.785,49.25630707345302,-122.92240172362918,33.53244746282248
02:24:52.888,49.25630980870367,-122.92240107039062,33.46983273156129
02:24:52.987,49.25631279223923,-122.92240117194011,33.47909539447364
02:24:53.088,49.256315683161944,-122.92240008574876,33.483132946241774
02:24:53.185,49.25631823952777,-122.9223996920313,33.45549483647358
02:24:53.289,49.256321293793114,-122.92239938947007,33.39701325067587
02:24:53.386,49.25632420125332,-122.92239851377946,33.321495068000736
02:24:53.485,49.2563262712946,-122.92239919772726,33.36403214109452
02:24:53.587,49.256327196700695,-122.92239845399767,33.4096327040542
02:24:53.688,49.256327260287065,-122.9223977156719,33.3501317712915
02:24:53.785,49.2563273454252,-122.92239647738795,33.37843346524006
02:24:53.885,49.25632755244567,-122.92239548639856,33.42418351170122
02:24:53.986,49.25632637166968,-122.92239503889911,33.38656910297783
02:24:54.086,49.25632475629027,-122.92239488827487,33.353798524369545
02:24:54.186,49.256323245682026,-122.92239575739362,33.40407759955859
02:24:54.287,49.25632147269302,-122.92239667070298,33.41759750279058
02:24:54.421,49.25631965957808,-122.92239794564267,33.525936050046035
02:24:54.486,49.25631692143793,-122.92240027590175,33.57882578016594
02:24:54.587,49.25631413396348,-122.9224015059381,33.60114342489119
02:24:54.686,49.256311590781685,-122.92240176917772,33.62566189778599
02:24:54.786,49.25630932157151,-122.92240249861952,33.57977364397139
02:24:54.886,49.25630775249481,-122.92240232078362,33.57968582253539
02:24:54.987,49.25630588459657,-122.92240069212944,33.5683788170516
02:24:55.091,49.256305064327535,-122.92239912696472,33.57771254977299
02:24:55.186,49.25630430231093,-122.92239833392094,33.565731929099286
02:24:55.290,49.256304342725485,-122.922397281154,33.53418642933303
02:24:55.386,49.25630471824354,-122.92239547500569,33.518490896372036
02:24:55.488,49.2563059932321,-122.92239342059126,33.44208469016027
02:24:55.587,49.256307529814144,-122.9223916026449,33.42439339334677
02:24:55.687,49.256309633496286,-122.92238986053886,33.32831567811657
02:24:55.787,49.2563116451886,-122.92238755432199,33.230810375899054
02:24:55.887,49.25631319588441,-122.92238512476156,33.14032649755572
02:24:55.987,49.25631486151359,-122.92238363194333,33.08335920145864
02:24:56.088,49.25631596890639,-122.9223833890004,32.94346636781566
02:24:56.187,49.256316054766344,-122.92238457829265,32.787245568870155
02:24:56.288,49.256315779055676,-122.92238471570312,32.68303805531493
02:24:56.422,49.256314510215034,-122.9223848359671,32.66608412123514
02:24:56.488,49.256313767179655,-122.92238535529397,32.713168077539926
02:24:56.589,49.256312287281574,-122.92238728898784,32.7382100719303
02:24:56.688,49.25631068430549,-122.92238914421199,32.724467058636876
02:24:56.788,49.2563091225151,-122.92239068008058,32.64305620089874
02:24:56.889,49.25630661648574,-122.92239212533806,32.46890242959827
02:24:56.989,49.25630374415276,-122.92239320299018,32.308310739317186
02:24:57.089,49.256301203707295,-122.92239628053062,32.243588863655496
02:24:57.189,49.256299489402004,-122.9223993086439,32.19490711551311
02:24:57.290,49.256297919136806,-122.92240123564484,32.21752805257455
02:24:57.393,49.25629631044097,-122.92240338157801,32.24466974483294
02:24:57.489,49.25629453473312,-122.92240431109937,32.227281828075455
02:24:57.590,49.25629302064013,-122.92240476695198,32.19525589723588
02:24:57.689,49.25629139049377,-122.92240478145769,32.124765015082474
02:24:57.790,49.25628980852295,-122.92240541993635,32.00649275938914
02:24:57.890,49.256289276433385,-122.92240493949893,31.891615030498865
02:24:57.990,49.25628948691978,-122.92240338647154,31.753942990730593
02:24:58.091,49.256290090730374,-122.92240170283546,31.70064961322037
02:24:58.191,49.256290595223675,-122.92240157417937,31.670656900522534
02:24:58.290,49.2562921012061,-122.92240160086676,31.651623776916644
02:24:58.426,49.25629361930598,-122.92240224619661,31.66364191169664
02:24:58.492,49.25629524066117,-122.92240235190111,31.66947110943983
02:24:58.592,49.25629606730725,-122.92240311627812,31.718864334115608
02:24:58.692,49.25629645992926,-122.92240380159684,31.810496976376978
02:24:58.792,49.25629628681615,-122.92240522938431,31.824255182882162
02:24:58.891,49.25629603037107,-122.92240531790179,31.849576329109293
02:24:58.992,49.25629493656108,-122.92240549529585,31.892959940542376
02:24:59.092,49.25629418829769,-122.92240433466273,31.98171678561148
02:24:59.197,49.25629357810072,-122.92240310816611,32.184250073197006
02:24:59.292,49.256292957127634,-122.92240124662827,32.428193901101245
02:24:59.392,49.25629236411429,-122.92240016857775,32.728105162822224
02:24:59.493,49.256291968724526,-122.92239935209929,32.958405754587844
02:24:59.594,49.2562922852621,-122.9223990801232,33.16344708846296
02:24:59.693,49.25629308017165,-122.92239948970393,33.348133575302775
02:24:59.794,49.25629374001873,-122.92239882518474,33.3963701373883
02:24:59.893,49.25629512960186,-122.92239853250541,33.54248401155098
02:24:59.993,49.256296345908744,-122.92239787042566,33.64426094562636
02:25:00.094,49.25629717329184,-122.92239780244527,33.74008369215507
02:25:00.193,49.256298152557974,-122.92239725207531,33.82135085780701
02:25:00.293,49.25629937840861,-122.92239672668865,33.76082635549591
02:25:00.442,49.256300015172805,-122.92239638154804,33.57706454359116
02:25:00.497,49.25629975405771,-122.9223966199092,33.34488493856207
02:25:00.595,49.25629939222021,-122.92239647272673,33.04242333691855
02:25:00.694,49.25629770157205,-122.92239657708464,32.68877462185353
02:25:00.794,49.25629498887893,-122.92239691461221,32.315807879829514
02:25:00.894,49.25629292289852,-122.92239715574843,31.986056565512413
02:25:00.994,49.25629060420678,-122.92239682064961,31.648882705575573
02:25:01.098,49.25628867545277,-122.92239665604481,31.336939825132685
02:25:01.194,49.256287038346755,-122.92239809161723,31.141982382157913
02:25:01.298,49.25628488852061,-122.92239906755158,30.96896289982535
02:25:01.395,49.25628374282206,-122.92240017098638,30.67847383506219
02:25:01.497,49.25628240628047,-122.92239999156024,30.451435694867282
02:25:01.596,49.256280354015644,-122.92239905579724,30.257136819820257
02:25:01.696,49.25627857556349,-122.9223978513232,30.107388973487854
02:25:01.796,49.256277334478035,-122.92239725079938,29.985185133480343
02:25:01.896,49.256275826639715,-122.9223968356426,29.926367924265747
02:25:01.996,49.25627502354602,-122.92239685230827,29.816885677571165
02:25:02.097,49.25627372797122,-122.92239717832297,29.740920879362985
02:25:02.196,49.25627271984509,-122.92239844894115,29.678018830552716
02:25:02.297,49.25627141079213,-122.92239946178003,29.67020032868753
02:25:02.431,49.256270690075745,-122.92240024903744,29.725557060552333
02:25:02.499,49.25627015032521,-122.9224021203269,29.7751207937004
02:25:02.597,49.25626944697721,-122.92240333397353,29.771279929073774
02:25:02.697,49.256268185229246,-122.92240412081546,29.74101448150378
02:25:02.797,49.256266768132846,-122.92240573959846,29.693503658773
02:25:02.897,49.25626496963294,-122.92240639276432,29.66374487607276
02:25:02.997,49.25626365266473,-122.92240716569127,29.589926896569747
02:25:03.098,49.25626239094989,-122.92240769049398,29.511150858435304
02:25:03.198,49.256261728797455,-122.92240929515359,29.46245792973112
02:25:03.301,49.256261183954344,-122.92241102562011,29.37259722385994
02:25:03.398,49.2562611778684,-122.92241373602917,29.249666080246527
02:25:03.497,49.25626143960378,-122.92241556102414,29.20939698407986
02:25:03.600,49.25626139887753,-122.92241787466206,29.186386802806265
02:25:03.698,49.256260879955065,-122.92241925251611,29.1544366869475
02:25:03.799,49.2562602878835,-122.92241983306259,29.110730232059638
02:25:03.899,49.25625888524059,-122.92241962550182,29.12296988208088
02:25:03.999,49.25625814740757,-122.92241864440985,29.200222831767643
02:25:04.100,49.25625812914824,-122.9224181627173,29.306783449220312
02:25:04.199,49.256257916311554,-122.9224162782512,29.41971665791457
02:25:04.299,49.25625788238494,-122.92241383758873,29.600164130273498
02:25:04.434,49.256257687443025,-122.92241058015027,29.75566223503999
02:25:04.500,49.25625700869351,-122.92240681218416,29.862668030925235
02:25:04.602,49.25625785724882,-122.92240402294043,29.89319053197206
02:25:04.701,49.25625950058877,-122.9224010291188,29.904908527004107
02:25:04.803,49.25626178857365,-122.9223976844641,29.969714199232506
02:25:04.901,49.25626479760123,-122.92239461580097,30.042760778012223
02:25:05.000,49.256267685305666,-122.922391299884,30.165291029859933
02:25:05.101,49.25627044192698,-122.9223890540067,30.325002571481015
02:25:05.201,49.25627223691378,-122.92238623982854,30.51676637578494
02:25:05.301,49.25627380983531,-122.92238380210006,30.681720193645297
02:25:05.401,49.256275032181506,-122.9223830958815,30.79678603329496
02:25:05.501,49.256275971949094,-122.92238223627973,30.846193649266187
02:25:05.605,49.256277150297414,-122.92238208674165,30.87974363665256
02:25:05.703,49.25627863435371,-122.9223822851786,30.98666578190312
02:25:05.802,49.256278798942255,-122.92238253287806,31.022905442319452
02:25:05.901,49.2562794233817,-122.92238307018779,31.04571966062443
02:25:06.002,49.256280474054385,-122.92238373977496,31.015494983959194
02:25:06.103,49.256280619279984,-122.92238433068908,30.96380042481639
02:25:06.202,49.25628073356973,-122.92238476940457,30.953962201821145
02:25:06.302,49.25628069757071,-122.92238660562106,30.97724612243046
02:25:06.437,49.256281329621316,-122.92238782943689,31.010822727795635
02:25:06.503,49.25628137930382,-122.92238905293686,30.944184988434355
02:25:06.607,49.25628103199998,-122.92238960545593,30.80257252053482
02:25:06.705,49.2562811838841,-122.92238993835007,30.68042640308303
02:25:06.804,49.25628188849953,-122.92239005658884,30.52689800005467
02:25:06.903,49.25628213014024,-122.9223901375798,30.3001478410173
02:25:07.003,49.2562820660497,-122.92239104788271,30.075571341562224
02:25:07.104,49.25628186892147,-122.92239186053932,29.86192890316973
02:25:07.203,49.2562817542231,-122.92239429681322,29.696958606571062
02:25:07.304,49.25628062706736,-122.92239535319057,29.53607911954196
02:25:07.404,49.25627970752559,-122.92239576943976,29.40714952100647
02:25:07.504,49.256279338988456,-122.92239686587035,29.3423106379765
02:25:07.605,49.25627910952377,-122.92239808968574,29.38722054015466
02:25:07.705,49.25627839824172,-122.92239901414023,29.386289665463877
02:25:07.806,49.25627792057619,-122.92239980277745,29.39658940265149
02:25:07.905,49.2562772083462,-122.92240087510821,29.39327280704935
02:25:08.005,49.25627680332149,-122.92240096327343,29.454385818812018
02:25:08.106,49.256276788443316,-122.92240107155479,29.528394674687178
02:25:08.205,49.25627746017832,-122.92240068884269,29.57000768220215
02:25:08.306,49.25627846963972,-122.92239918721461,29.541556283101986
02:25:08.441,49.256279572609515,-122.92239743466358,29.50771326478788
02:25:08.506,49.25627997596452,-122.92239578181412,29.62096360551696
02:25:08.607,49.25628110959554,-122.92239538230162,29.688333473936474
02:25:08.707,49.25628246359764,-122.92239420738699,29.781273898130497
02:25:08.807,49.25628351628317,-122.92239499552012,29.775990378862435
02:25:08.907,49.25628379487387,-122.92239520163726,29.74447797310196
02:25:09.007,49.25628414896214,-122.9223953549398,29.735503848555794
02:25:09.108,49.256283470724576,-122.92239537008163,29.77100996244201
02:25:09.207,49.25628270956208,-122.92239629977252,29.83000534256161
02:25:09.308,49.256281437278744,-122.9223963947258,29.913015700326888
02:25:09.407,49.256280138348735,-122.92239653928938,29.958656147149064
02:25:09.508,49.256278108713126,-122.92239760141767,29.974253471158583
02:25:09.608,49.25627616605323,-122.92239855036581,30.001020954781833
02:25:09.711,49.25627402027822,-122.9223996386582,29.98984605703476
02:25:09.809,49.25627311932692,-122.92239992841687,30.009488626895287
02:25:09.909,49.25627403312682,-122.92239956486206,30.059635440316537
02:25:10.009,49.25627461755281,-122.92239969731652,30.104838757672386
02:25:10.109,49.256275868772896,-122.92239851295416,30.09766652534489
02:25:10.210,49.2562779414793,-122.92239783919094,30.142030023083027
02:25:10.310,49.256281368971635,-122.92239660357573,30.20885109405546
02:25:10.458,49.256283271557926,-122.92239577804074,30.268766407042563
02:25:10.509,49.256285546838654,-122.92239559870391,30.334814711772296
02:25:10.609,49.25628856812483,-122.9223962585774,30.474911305470748
02:25:10.710,49.25629172264263,-122.92239585497789,30.75249558613642
02:25:10.809,49.25629452968206,-122.92239549058307,31.05257802392199
02:25:10.909,49.256296698292765,-122.92239425607286,31.382861096242003
02:25:11.009,49.25629786762645,-122.92239359416834,31.62979233046285
02:25:11.111,49.256298242354596,-122.92239307488984,31.788318679497003
02:25:11.211,49.25629880146753,-122.92239242779608,31.847043705825236
02:25:11.310,49.2562992503243,-122.92239209360773,31.866458908335566
02:25:11.414,49.256299622498055,-122.92239065165359,31.79373689910165
02:25:11.510,49.25629998330227,-122.92238903684026,31.66659015882031
02:25:11.611,49.2563013515944,-122.92238865980924,31.6070918035317
02:25:11.711,49.25630181960142,-122.92238975910885,31.581995750824078
02:25:11.810,49.256301058123555,-122.92239083284842,31.52435764249911
02:25:11.911,49.256300627316456,-122.92239182046998,31.368477511877735
02:25:12.012,49.25629924641365,-122.92239285757294,31.17469448884388
02:25:12.112,49.25629708425048,-122.92239431057536,30.93637708827831
02:25:12.213,49.25629419592907,-122.9223962341118,30.75224114719887
02:25:12.313,49.256291727208435,-122.92239796895186,30.639577113782938
02:25:12.448,49.25628924306921,-122.92239940901437,30.50714067605798
02:25:12.514,49.25628746677779,-122.92240077621716,30.472043604054708
02:25:12.612,49.25628670684884,-122.92240252451896,30.48297421450436
02:25:12.711,49.25628638968229,-122.92240415185736,30.459805854495485
02:25:12.813,49.25628721051151,-122.922405570913,30.5107864594435
02:25:12.914,49.25628740430237,-122.92240646398058,30.555024164649733
02:25:13.014,49.256287720127034,-122.922406940375,30.582422509838526
02:25:13.113,49.25628868088114,-122.92240741452353,30.611176448220764
02:25:13.214,49.25628926956617,-122.92240794737418,30.558167656623258
02:25:13.315,49.25628991423152,-122.92240773070665,30.496058695264757
02:25:13.413,49.25629104688721,-122.92240768868966,30.403617333285872
02:25:13.513,49.25629177053119,-122.92240673126604,30.297250300489903
02:25:13.614,49.25629180458212,-122.92240593360944,30.157089459596047
02:25:13.715,49.25629231032841,-122.92240518885849,30.100105055527365
02:25:13.815,49.25629342559663,-122.92240433439281,30.063863349352992
02:25:13.914,49.25629421521098,-122.92240346606589,29.989027504963612
02:25:14.015,49.25629416618927,-122.92240184183711,29.82826738747463
02:25:14.114,49.25629397399163,-122.92240013897825,29.59591756762203
02:25:14.214,49.2562932911786,-122.92239939423632,29.416566238574838
02:25:14.316,49.25629266647492,-122.92239866013932,29.28225967937414
02:25:14.450,49.25629163312893,-122.92239777115917,29.173679274205142
02:25:14.517,49.25629074173341,-122.92239729957095,29.127417930768917
02:25:14.616,49.256289671208904,-122.92239662215114,29.120360644744622
02:25:14.717,49.25628853710311,-122.92239570482661,29.159751463261596
02:25:14.817,49.256287502607435,-122.92239425320898,29.08539271736051
02:25:14.915,49.25628615133849,-122.92239518639332,29.027626630299004
02:25:15.016,49.25628427203873,-122.92239453928087,29.03012756875339
02:25:15.116,49.256282960021416,-122.92239371421091,29.03356996273539
02:25:15.217,49.256281592077684,-122.92239430475273,29.013566702505415
