BBB Time,Mag Vals,Lamor
00:30:05.893,65480.6,405
00:30:05.993,65480.232,410
00:30:06.094,65480.321,415
00:30:06.194,65481.001,410
00:30:06.295,65481.919,400
00:30:06.395,65481.965,435
00:30:06.496,65482.719,393
00:30:06.597,65482.35,422
00:30:06.697,65479.12,415
00:30:06.798,65476.485,383
00:30:06.899,65473.611,396
00:30:06.999,65475.166,447
00:30:07.100,65482.63,403
00:30:07.200,65490.51,425
00:30:07.301,65493.145,403
00:30:07.402,65501.75,398
00:30:07.502,65508.607,435
00:30:07.603,65508.874,415
00:30:07.703,65511.273,393
00:30:07.804,65508.607,378
00:30:07.905,65497.737,393
00:30:08.005,65490.494,410
00:30:08.106,65489.784,408
00:30:08.206,65478.469,388
00:30:08.307,65476.071,417
00:30:08.408,65472.545,410
00:30:08.508,65463.733,393
00:30:08.609,65459.082,386
00:30:08.709,65449.412,405
00:30:08.810,65440.778,408
00:30:08.911,65442.79,435
00:30:09.011,65447.726,422
00:30:09.112,65452.981,408
00:30:09.212,65462.845,425
00:30:09.313,65454.579,398
00:30:09.413,65441.281,398
00:30:09.514,65415.664,417
00:30:09.615,65398.998,432
00:30:09.715,65390.334,400
00:30:09.816,65396.78,432
00:30:09.916,65396.021,452
00:30:10.017,65375.067,408
00:30:10.117,65380.961,430
00:30:10.218,65422.978,417
00:30:10.318,65436.008,403
00:30:10.419,65432.854,474
00:30:10.520,65434.322,417
00:30:10.620,65444.465,447
00:30:10.721,65481.327,398
00:30:10.821,65530.008,398
00:30:10.922,65563.092,435
00:30:11.022,65568.114,398
00:30:11.123,65567.534,400
00:30:11.223,65567.996,405
00:30:11.324,65570.778,410
00:30:11.424,65569.211,427
00:30:11.525,65559.552,400
00:30:11.625,65566.425,393
00:30:11.726,65571.062,405
00:30:11.826,65570.985,405
00:30:11.927,65565.375,427
00:30:12.028,65568.631,410
00:30:12.128,65570.409,427
00:30:12.229,65570.955,435
00:30:12.329,65537.265,437
00:30:12.430,65529.741,393
00:30:12.530,65561.432,415
00:30:12.631,65590.418,413
00:30:12.731,65589.143,413
00:30:12.832,65564.663,420
00:30:12.932,65548.593,391
00:30:13.033,65502.787,388
00:30:13.134,65451.471,403
00:30:13.234,65419.479,388
00:30:13.335,65434.943,400
00:30:13.435,65476.989,415
00:30:13.536,65494.76,432
00:30:13.637,65491.412,410
00:30:13.737,65474.19,432
00:30:13.838,65452.537,408
00:30:13.938,65441.754,425
00:30:14.039,65437.594,417
00:30:14.139,65430.144,400
00:30:14.240,65439.24,393
00:30:14.341,65446.003,400
00:30:14.441,65446.956,378
00:30:14.542,65439.281,396
00:30:14.642,65435.979,420
00:30:14.743,65439.861,398
00:30:14.843,65430.942,417
00:30:14.944,65434.825,386
00:30:15.045,65434.854,371
00:30:15.145,65427.433,405
00:30:15.246,65426.25,393
00:30:15.346,65417.557,398
00:30:15.447,65413.378,386
00:30:15.548,65409.603,422
00:30:15.648,65401.412,425
00:30:15.749,65396.543,430
00:30:15.850,65398.672,393
00:30:15.950,65400.318,417
00:30:16.051,65399.323,376
00:30:16.151,65399.638,432
00:30:16.252,65405.099,420
00:30:16.353,65408.686,391
00:30:16.453,65409.662,410
00:30:16.554,65413.91,422
00:30:16.654,65419.705,393
00:30:16.755,65422.278,396
00:30:16.856,65421.499,435
00:30:16.956,65418.976,396
00:30:17.057,65418.178,378
00:30:17.157,65416.936,425
00:30:17.258,65413.348,388
00:30:17.359,65407.513,403
00:30:17.459,65403.384,410
00:30:17.560,65410.668,430
00:30:17.660,65411.781,381
00:30:17.761,65413.23,403
00:30:17.862,65415.053,403
00:30:17.962,65416.522,435
00:30:18.063,65418.148,403
00:30:18.163,65416.857,420
00:30:18.264,65426.605,400
00:30:18.364,65439.624,391
00:30:18.465,65446.761,391
00:30:18.566,65452.892,393
00:30:18.666,65458.993,422
00:30:18.767,65453.827,427
00:30:18.867,65457.218,386
00:30:18.968,65457.289,400
00:30:19.068,65458.165,437
00:30:19.169,65454.507,430
00:30:19.270,65461.053,408
00:30:19.370,65459.366,435
00:30:19.471,65460.917,374
00:30:19.572,65455.07,403
00:30:19.672,65461.188,378
00:30:19.773,65457.407,400
00:30:19.873,65459.632,396
00:30:19.974,65460.638,388
00:30:20.075,65461.053,398
00:30:20.175,65461.2,400
00:30:20.276,65463.733,391
00:30:20.376,65463.391,415
00:30:20.477,65459.484,420
00:30:20.578,65453.069,432
00:30:20.678,65459.366,413
00:30:20.779,65454.756,435
00:30:20.879,65460.224,388
00:30:20.980,65460.253,391
00:30:21.081,65460.875,386
00:30:21.181,65460.342,388
00:30:21.282,65460.562,374
00:30:21.382,65457.987,435
00:30:21.483,65452.465,396
00:30:21.583,65458.549,417
00:30:21.684,65458.816,386
00:30:21.785,65454.596,420
00:30:21.885,65461.378,388
00:30:21.986,65462.71,410
00:30:22.086,65462.194,435
00:30:22.187,65460.177,444
00:30:22.287,65458.685,410
00:30:22.388,65458.549,403
00:30:22.488,65460.207,376
00:30:22.589,65453.087,430
00:30:22.689,65458.875,435
00:30:22.790,65462.549,398
00:30:22.891,65455.632,393
00:30:22.991,65459.822,391
00:30:23.092,65460.845,393
00:30:23.192,65458.431,408
00:30:23.293,65457.957,415
00:30:23.393,65460.342,386
00:30:23.494,65459.928,386
00:30:23.594,65462.71,391
00:30:23.695,65461.704,383
00:30:23.796,65460.964,413
00:30:23.896,65460.076,400
00:30:23.997,65458.816,388
00:30:24.097,65457.869,398
00:30:24.198,65445.193,454
00:30:24.298,65460.668,413
00:30:24.399,65461.053,408
00:30:24.499,65459.911,420
00:30:24.600,65459.514,398
00:30:24.700,65461.674,410
00:30:24.801,65457.869,388
00:30:24.902,65456.904,393
00:30:25.002,65459.158,383
00:30:25.103,65461.141,408
00:30:25.203,65460.105,396
00:30:25.304,65461.023,388
00:30:25.404,65460.177,400
00:30:25.505,65460.342,396
00:30:25.606,65459.26,396
00:30:25.706,65457.158,396
00:30:25.807,65458.609,396
00:30:25.908,65460.046,405
00:30:26.008,65461.496,398
00:30:26.109,65460.697,398
00:30:26.209,65461.348,388
00:30:26.310,65461.97,388
00:30:26.410,65459.04,403
00:30:26.511,65453.454,432
00:30:26.611,65458.283,413
00:30:26.712,65458.904,415
00:34:15.943,65331.867,398
00:34:16.043,65333.256,403
00:34:16.143,65334.371,437
00:34:16.244,65336.934,388
00:34:16.344,65333.374,444
00:34:16.445,65327.857,376
00:34:16.545,65332.399,403
00:34:16.646,65333.315,391
00:34:16.746,65333.196,388
00:34:16.847,65329.127,425
00:34:16.947,65327.45,420
00:34:17.048,65333.839,388
00:34:17.148,65336.203,417
00:34:17.249,65332.547,396
00:34:17.349,65328.477,413
00:34:17.449,65335.7,386
00:34:17.550,65336.498,391
00:34:17.650,65334.342,415
00:34:17.751,65336.461,408
00:34:17.851,65338.145,408
00:34:17.952,65338.441,417
00:34:18.052,65335.553,400
00:34:18.153,65337.17,415
00:34:18.253,65339.297,391
00:34:18.354,65338.056,437
00:34:18.454,65336.084,388
00:34:18.555,65331.395,415
00:34:18.655,65338.411,391
00:34:18.756,65338.352,398
00:34:18.856,65334.607,381
00:34:18.957,65328.041,444
00:34:19.057,65333.692,383
00:34:19.158,65333.58,393
00:34:19.258,65329.777,388
00:34:19.359,65328.802,420
00:34:19.459,65330.656,393
00:34:19.560,65326.305,378
00:34:19.660,65320.434,391
00:34:19.761,65311.623,415
00:34:19.861,65314.275,398
00:34:19.962,65304.879,435
00:34:20.062,65304.082,415
00:34:20.163,65299.363,391
00:34:20.263,65294.951,403
00:34:20.363,65285.397,398
00:34:20.464,65272.492,405
00:34:20.564,65262.914,388
00:34:20.665,65254.372,386
00:34:20.765,65243.024,393
00:34:20.866,65230.119,391
00:34:20.966,65218.125,396
00:34:21.067,65204.54,396
00:34:21.167,65188.982,405
00:34:21.268,65173.129,381
00:34:21.368,65160.724,398
00:34:21.469,65148.17,396
00:34:21.569,65133.703,425
00:34:21.669,65121.502,415
00:34:21.770,65111.661,388
00:34:21.870,65106.092,415
00:34:21.971,65100.876,422
00:34:22.071,65092.271,430
00:34:22.172,65091.238,400
00:34:22.272,65093.452,415
00:34:22.373,65095.601,405
00:34:22.473,65104.647,398
00:34:22.574,65112.93,415
00:34:22.674,65124.537,386
00:34:22.775,65134.557,400
00:34:22.875,65145.253,422
00:34:22.975,65157.806,403
00:34:23.076,65172.245,393
00:34:23.176,65184.857,388
00:34:23.277,65195.112,413
00:34:23.377,65205.808,400
00:34:23.478,65215.65,386
00:34:23.578,65225.285,400
00:34:23.679,65233.39,415
00:34:23.779,65242.7,391
00:34:23.880,65252.838,403
00:34:23.980,65259.352,388
00:34:24.081,65262.826,410
00:34:24.181,65266.628,398
00:34:24.282,65274.465,408
00:34:24.382,65277.058,381
00:34:24.482,65280.275,388
00:34:24.583,65278.765,408
00:34:24.683,65287.729,410
00:34:24.784,65289.583,400
00:34:24.884,65290.528,393
00:34:24.985,65292.058,391
00:34:25.085,65294.769,430
00:34:25.186,65296.298,383
00:34:25.286,65298.542,405
00:34:25.387,65299.339,381
00:34:25.487,65301.666,427
00:34:25.588,65302.399,413
00:34:25.688,65303.816,405
00:34:25.788,65305.085,398
00:34:25.889,65306.025,378
00:34:25.989,65306.645,403
00:34:26.090,65307.176,393
00:34:26.190,65307.879,396
00:34:26.291,65310.123,391
00:34:26.391,65309.887,393
00:34:26.492,65311.387,444
00:34:26.592,65312.155,430
00:34:26.693,65315.603,442
00:34:26.793,65316.814,447
00:34:26.893,65318.751,413
00:34:26.994,65320.848,378
00:34:27.094,65321.881,400
00:34:27.195,65322.324,432
00:34:27.295,65323.263,425
00:34:27.396,65323.647,383
00:34:27.496,65324.267,405
00:34:27.596,65324.644,396
00:34:27.697,65324.858,396
00:34:27.797,65325.737,420
00:34:27.898,65327.568,388
00:34:27.998,65329.452,383
00:34:28.099,65329.57,405
00:34:28.199,65330.397,396
00:34:28.300,65331.217,393
00:34:28.400,65331.601,391
00:34:28.500,65330.338,381
00:34:28.601,65330.633,417
00:34:28.701,65333.049,391
00:34:28.802,65327.001,415
00:34:28.902,65333.226,386
00:34:29.003,65334.755,422
00:34:29.103,65334.083,369
00:34:29.203,65334.164,417
00:34:29.304,65334.578,400
00:34:29.404,65330.309,391
00:34:29.505,65336.461,447
00:34:29.605,65336.025,417
00:34:29.706,65337.059,393
00:34:29.806,65337.554,427
00:34:29.907,65337.82,386
00:34:30.007,65332.133,393
00:34:30.108,65338.647,410
00:34:30.208,65339.142,386
00:34:30.309,65339.002,422
00:34:30.409,65337.997,408
00:34:30.510,65338.559,393
00:34:30.610,65334.696,432
00:34:30.710,65339.445,400
00:34:30.811,65340.678,400
00:34:30.911,65341.565,454
00:34:31.012,65341.439,400
00:34:31.112,65341.653,410
00:34:31.213,65340.531,396
00:34:31.313,65340.944,435
00:34:31.414,65342.481,386
00:34:31.514,65342.03,405
00:34:31.614,65342.244,403
00:34:31.715,65342.621,413
00:34:31.815,65343.389,386
00:34:31.916,65343.012,420
00:34:32.016,65342.769,393
00:34:32.117,65342.975,383
00:34:32.217,65343.278,408
00:34:32.318,65342.532,408
00:34:32.418,65343.714,420
00:34:32.519,65343.625,403
00:34:32.619,65342.857,396
00:34:32.719,65344.866,439
00:34:32.820,65344.305,398
00:34:32.920,65343.005,410
00:34:33.021,65344.334,413
00:34:33.121,65345.066,371
00:34:33.222,65344.275,425
00:34:33.322,65344.364,398
00:34:33.422,65345.605,391
00:34:33.523,65345.863,396
00:34:33.623,65345.066,400
00:34:33.724,65345.28,420
00:34:33.824,65346.07,408
00:34:33.925,65345.834,403
00:34:34.025,65345.782,410
00:34:34.126,65346.306,400
00:34:34.226,65346.631,383
00:34:34.326,65346.454,405
00:34:34.427,65346.218,427
00:34:34.527,65347.872,396
00:34:34.628,65348.19,408
00:34:34.728,65346.986,410
00:34:34.829,65347.488,413
00:34:34.929,65346.838,425
00:34:35.029,65347.894,437
00:34:35.130,65347.459,415
00:34:35.230,65346.513,400
00:34:35.331,65347.695,439
00:34:35.431,65347.008,417
00:34:35.531,65347.459,415
00:34:35.632,65346.661,442
00:34:35.732,65347.459,391
00:34:35.832,65347.4,435
00:34:35.933,65347.363,408
00:34:36.033,65347.665,396
00:34:36.133,65347.843,391
00:34:36.234,65346.986,391
00:34:36.334,65347.038,400
00:34:36.435,65346.159,398
00:34:36.535,65346.225,386
00:34:36.635,65345.804,396
00:34:36.736,65346.927,381
00:34:36.836,65346.69,444
00:34:36.936,65346.602,383
00:34:37.037,65346.513,405
00:34:37.137,65346.661,386
00:34:37.238,65346.159,398
00:34:37.338,65346.041,405
00:34:37.438,65345.93,430
00:34:37.539,65345.922,410
00:34:37.639,65346.602,398
00:34:37.739,65345.243,383
00:34:37.840,65346.255,417
00:34:37.940,65346.72,378
00:34:38.041,65343.36,386
00:34:38.141,65344.741,398
00:34:38.241,65344.925,396
00:34:38.342,65344.866,410
00:34:38.442,65345.007,391
00:34:38.542,65345.368,388
00:34:38.643,65345.036,420
00:34:38.743,65344.482,417
00:34:38.843,65345.184,388
00:34:38.944,65346.018,408
00:34:39.044,65345.391,386
00:34:39.144,65344.689,410
00:34:39.245,65340.058,420
00:34:39.345,65344.896,391
00:34:39.446,65337.968,398
00:34:39.546,65345.479,398
00:34:39.646,65343.478,396
00:34:39.747,65344.364,388
00:34:39.847,65344.423,405
00:34:39.947,65345.095,386
00:34:40.048,65343.98,396
00:34:40.148,65346.343,388
00:34:40.248,65345.184,400
00:34:40.349,65344.305,415
00:34:40.449,65344.216,427
00:34:40.549,65346.041,398
00:34:40.649,65339.149,415
00:34:40.750,65344.77,425
00:34:40.850,65345.339,415
00:34:40.950,65345.361,400
00:34:41.050,65345.014,417
00:34:41.151,65344.947,388
00:34:41.251,65339.002,386
00:34:41.351,65345.656,420
00:34:41.452,65344.718,403
00:34:41.552,65345.775,410
00:34:41.652,65345.693,425
00:34:41.752,65344.947,393
00:34:41.853,65339.711,420
00:34:41.953,65345.42,415
00:34:42.053,65345.361,383
00:34:42.154,65345.043,398
00:34:42.254,65344.659,413
00:34:42.354,65344.918,425
00:34:42.455,65345.575,388
00:34:42.555,65345.361,435
00:34:42.655,65339.386,388
00:34:42.756,65343.832,413
00:34:42.856,65338.086,396
00:34:42.956,65345.243,435
00:34:43.057,65334.408,400
00:34:43.157,65346.011,405
00:34:43.257,65344.593,415
00:34:43.358,65345.339,427
00:34:43.458,65344.571,391
00:34:43.558,65344.039,383
00:34:43.659,65344.179,396
00:34:43.759,65344.6,430
00:34:43.859,65343.537,391
00:34:43.960,65344.009,386
00:34:44.060,65344.925,388
00:34:44.161,65345.331,405
00:34:44.261,65338.322,444
00:34:44.361,65344.659,388
00:34:44.462,65345.834,386
00:34:44.562,65345.221,376
00:34:44.663,65344.187,391
00:34:44.763,65345.154,388
00:34:44.864,65344.659,422
00:34:44.964,65344.918,396
00:34:45.064,65344.63,444
00:34:45.165,65344.541,381
00:34:45.265,65344.305,393
00:34:45.366,65345.331,381
00:34:45.466,65344.866,408
00:34:45.566,65345.036,388
00:34:45.667,65344.748,420
00:34:45.767,65344.984,415
00:34:45.868,65344.534,437
00:34:45.968,65345.723,393
00:34:46.068,65345.509,437
00:34:46.169,65345.162,381
00:34:46.269,65345.066,386
00:34:46.370,65344.63,405
00:34:46.470,65339.526,432
00:34:46.570,65344.571,381
00:34:46.671,65345.893,388
00:34:46.771,65344.748,403
00:34:46.872,65344.866,410
00:34:46.972,65344.504,422
00:34:47.072,65344.393,400
00:34:47.173,65344.069,408
00:34:47.273,65343.389,422
00:34:47.373,65344.157,410
00:34:47.474,65344.128,403
00:34:47.574,65344.334,381
00:34:47.675,65343.36,430
00:34:47.775,65344.837,417
00:34:47.875,65344.334,461
00:34:47.976,65343.212,391
00:34:48.076,65343.123,425
00:34:48.176,65343.773,400
00:34:48.277,65343.98,396
00:34:48.377,65343.891,364
00:34:48.477,65344.571,396
00:34:48.578,65345.184,405
00:34:48.678,65343.241,396
00:34:48.779,65344.246,408
00:34:48.879,65344.512,437
00:34:48.979,65342.946,378
00:34:49.080,65343.566,403
00:34:49.180,65343.596,425
00:34:49.280,65343.773,388
00:34:49.381,65343.803,405
00:34:49.481,65344.6,391
00:34:49.582,65343.862,378
00:34:49.682,65344.187,396
00:34:49.782,65344.512,420
00:34:49.883,65342.887,400
00:34:49.983,65345.627,398
00:34:50.084,65338.736,398
00:34:50.184,65343.862,378
00:34:50.284,65344.157,425
00:34:50.385,65344.334,393
00:34:50.485,65344.918,398
00:34:50.586,65344.246,400
00:34:50.686,65344.069,403
00:34:50.786,65344.925,400
00:34:50.887,65344.63,391
00:34:50.987,65344.859,432
00:34:51.087,65344.896,381
00:34:51.188,65344.563,430
00:34:51.288,65344.807,415
00:34:51.389,65345.952,425
00:34:51.489,65343.803,388
00:34:51.589,65345.014,432
00:34:51.690,65344.63,427
00:34:51.790,65344.298,386
00:34:51.890,65345.605,391
00:34:51.991,65344.157,400
00:34:52.091,65338.817,398
00:34:52.192,65344.393,388
00:34:52.292,65346.543,391
00:34:52.393,65344.778,396
00:34:52.493,65344.423,398
00:34:52.593,65345.302,383
00:34:52.694,65345.575,425
00:34:52.794,65344.8,435
00:34:52.895,65344.571,408
00:34:52.995,65344.748,420
00:34:53.095,65344.357,391
00:34:53.196,65345.487,378
00:34:53.296,65345.863,415
00:34:53.397,65344.453,400
00:34:53.497,65338.854,388
00:34:53.597,65344.622,420
00:34:53.698,65339.681,415
00:34:53.798,65344.947,413
00:34:53.899,65344.896,417
00:34:53.999,65345.191,422
00:34:54.099,65346.011,391
00:34:54.200,65345.184,410
00:34:54.300,65344.541,391
00:34:54.401,65346.188,388
00:34:54.501,65344.955,405
00:34:54.602,65344.364,383
00:34:54.702,65345.686,393
00:34:54.802,65344.837,400
00:34:54.903,65345.007,400
00:34:55.003,65344.275,374
00:34:55.104,65345.716,415
00:34:55.204,65344.659,393
00:34:55.304,65344.541,403
00:34:55.405,65345.45,381
00:34:55.505,65344.393,432
00:34:55.606,65344.888,393
00:34:55.706,65345.309,415
00:34:55.807,65344.984,413
00:34:55.907,65345.538,415
00:34:56.007,65344.955,422
00:34:56.108,65344.593,391
00:34:56.208,65345.339,396
00:34:56.308,65344.8,388
00:34:56.409,65343.95,425
00:34:56.509,65345.871,393
00:34:56.610,65344.386,398
00:34:56.710,65344.128,398
00:34:56.810,65346.602,383
00:34:56.911,65345.782,378
00:34:57.011,65345.066,400
00:34:57.112,65345.398,400
00:34:57.212,65344.859,383
00:34:57.312,65344.807,393
00:34:57.413,65344.482,403
00:34:57.513,65345.42,432
00:34:57.614,65345.014,405
00:34:57.714,65344.711,427
00:34:57.814,65344.866,383
00:34:57.915,65345.804,393
00:34:58.015,65344.187,413
00:34:58.115,65345.627,413
00:34:58.216,65345.014,393
00:34:58.316,65344.364,400
00:34:58.417,65345.125,383
00:34:58.517,65344.098,430
00:34:58.617,65344.6,391
00:34:58.718,65338.086,437
00:34:58.818,65344.512,383
00:34:58.919,65343.507,398
00:34:59.019,65344.364,381
00:34:59.120,65339.32,398
00:34:59.220,65343.389,393
00:34:59.321,65342.924,391
00:34:59.421,65343.832,374
00:34:59.521,65344.829,393
00:34:59.622,65344.541,393
00:34:59.722,65343.773,405
00:34:59.823,65343.832,425
00:34:59.923,65345.014,439
00:35:00.024,65343.035,376
00:35:00.124,65344.009,386
00:35:00.224,65344.955,376
00:35:00.325,65344.386,393
00:35:00.425,65344.128,425
00:35:00.526,65345.841,396
00:35:00.626,65340.354,391
00:35:00.727,65347.274,396
00:35:00.827,65346.462,381
00:35:00.928,65345.627,444
00:35:01.028,65347.843,403
00:35:01.129,65340.294,435
00:35:01.229,65345.686,437
00:35:01.329,65345.25,391
00:35:01.430,65344.829,400
00:35:01.530,65346.513,393
00:35:01.631,65345.834,388
00:35:01.731,65344.748,391
00:35:01.831,65345.221,391
00:35:01.932,65345.154,432
00:35:02.032,65345.664,435
00:35:02.133,65346.247,388
00:35:02.233,65344.298,420
00:35:02.334,65344.866,393
00:35:02.434,65345.398,388
00:35:02.535,65345.597,447
00:35:02.635,65338.706,408
00:35:02.736,65344.689,400
00:35:02.836,65346.631,400
00:35:02.936,65344.859,410
00:35:03.037,65344.896,413
00:35:03.137,65345.243,422
00:35:03.238,65345.546,439
00:35:03.338,65345.243,430
00:35:03.438,65345.834,422
00:35:03.539,65345.162,430
00:35:03.639,65346.041,430
00:35:03.740,65345.597,435
00:35:03.840,65345.073,403
00:35:03.940,65345.893,398
00:35:04.041,65345.457,369
00:35:04.141,65345.893,425
00:35:04.242,65345.627,396
00:35:04.342,65345.871,396
00:35:04.442,65346.425,376
00:35:04.543,65345.597,398
00:35:04.643,65346.07,420
00:35:04.744,65346.661,383
00:35:04.844,65345.753,413
00:35:04.944,65346.809,391
00:35:05.045,65347.835,408
00:35:05.145,65346.543,417
00:35:05.246,65345.191,405
00:35:05.346,65346.247,415
00:35:05.447,65346.188,391
00:35:05.547,65344.689,449
00:35:05.648,65345.095,393
00:35:05.748,65344.571,391
00:35:05.848,65345.952,420
00:35:05.949,65345.922,393
00:35:06.049,65346.018,442
00:35:06.150,65339.261,408
00:35:06.250,65345.457,376
00:35:06.351,65345.45,417
00:35:06.451,65344.63,413
00:35:06.552,65344.364,393
00:35:06.652,65338.47,410
00:35:06.752,65343.389,430
00:35:06.853,65344.305,408
00:35:06.953,65344.009,391
00:35:07.054,65343.241,417
00:35:07.154,65343.714,391
00:35:07.255,65344.393,442
00:35:07.355,65344.593,396
00:35:07.455,65344.069,391
00:35:07.556,65344.098,415
00:35:07.656,65343.832,413
00:35:07.757,65343.33,400
00:35:07.857,65342.894,400
00:35:07.958,65342.65,393
00:35:08.058,65340.708,393
00:35:08.159,65340.678,396
00:35:08.259,65338.5,413
00:35:08.360,65335.7,398
00:35:08.460,65331.424,417
00:35:08.561,65331.395,398
00:35:08.661,65332.931,398
00:35:08.761,65326.653,422
00:35:08.862,65328.891,400
00:35:08.962,65326.128,417
00:35:09.063,65326.594,386
00:35:09.163,65319.725,400
00:35:09.263,65324.71,405
00:35:09.364,65326.505,393
00:35:09.464,65326.978,425
00:35:09.565,65326.151,432
00:35:09.665,65325.471,388
00:35:09.766,65326.771,388
00:35:09.866,65326.8,398
00:35:09.967,65326.476,388
00:35:10.067,65327.362,393
00:35:10.168,65324.444,383
00:35:10.268,65331.72,415
00:35:10.368,65334.194,398
00:35:10.469,65334.083,393
00:35:10.569,65335.523,405
00:35:10.670,65334.932,432
00:35:10.770,65334.637,400
00:35:10.871,65335.346,422
00:35:10.971,65335.612,386
00:35:11.071,65335.73,391
00:35:11.172,65337.436,417
00:35:11.272,65341.912,386
00:35:11.373,65344.453,378
00:35:11.473,65346.927,393
00:35:11.574,65348.256,381
00:35:11.674,65349.283,381
00:35:11.774,65348.81,398
00:35:11.875,65349.342,386
00:35:11.975,65348.367,386
00:35:12.076,65349.054,400
00:35:12.176,65348.308,398
00:35:12.277,65349.519,417
00:35:12.377,65350.553,388
00:35:12.478,65351.521,430
00:35:12.578,65354.113,398
00:35:12.678,65357.097,396
00:35:12.779,65358.744,432
00:35:12.879,65358.47,393
00:35:12.980,65359.158,393
00:35:13.080,65365.082,422
00:35:13.181,65365.31,432
00:35:13.281,65364.786,396
00:35:13.382,65363.042,374
00:35:13.482,65362.451,383
00:35:13.583,65360.34,386
00:35:13.683,65358.301,396
00:35:13.784,65357.946,422
00:35:13.884,65360.982,386
00:35:13.985,65368.936,391
00:35:14.085,65381.256,383
00:35:14.186,65399.638,403
00:35:14.286,65412.047,388
00:35:14.387,65418.267,425
00:35:14.487,65428.38,383
00:35:14.588,65426.161,422
00:35:14.688,65431.611,403
00:35:14.789,65408.489,403
00:35:14.889,65377.482,391
00:35:14.990,65308.469,391
00:35:15.091,65212.527,408
00:35:15.191,65101.935,386
00:35:15.292,64968.571,400
00:35:15.392,64783.574,405
00:35:15.493,64596.441,413
00:35:15.593,64398.751,410
00:35:15.694,64146.084,415
00:35:15.794,63963.413,420
00:35:15.895,63880.175,408
00:35:15.995,63871.138,381
00:35:16.096,63874.747,361
00:35:16.197,63869.868,400
00:35:16.297,63891.291,396
00:35:16.398,63920.365,415
00:35:16.498,63962.083,383
00:35:16.599,64015.847,391
00:35:16.699,64058.722,386
00:35:16.800,64066.274,420
00:35:16.900,64083.839,430
00:35:17.001,64106.184,408
00:35:17.101,64150.712,396
00:35:17.202,64206.718,393
00:35:17.302,64329.286,374
00:35:17.403,64527.639,391
00:35:17.503,64833.191,388
00:35:17.604,65116.465,391
00:35:17.705,65286.4,376
00:35:17.805,65416.355,388
00:35:17.906,65510.147,383
00:35:18.006,65522.928,420
00:35:18.107,65573.801,417
00:35:18.207,65578.125,425
00:35:18.308,65634.757,391
00:35:18.408,65598.756,396
00:35:18.509,65568.394,391
00:35:18.609,65482.363,386
00:35:18.710,65389.447,408
00:35:18.810,65290.257,388
00:35:18.911,65222.222,381
00:35:19.011,65182.176,403
00:35:19.112,65143.397,413
00:35:19.212,65109.63,403
00:35:19.313,65089.884,393
00:35:19.413,65089.825,408
00:35:19.514,65114.785,408
00:35:19.614,65148.937,386
00:35:19.715,65181.852,403
00:35:19.815,65204.866,396
00:35:19.916,65234.774,378
00:35:20.016,65239.137,398
00:35:20.117,65220.306,374
00:35:20.217,65216.062,386
00:35:20.318,65231.889,369
00:35:20.419,65209.58,391
00:35:20.519,65229.94,410
00:35:20.619,65245.679,396
00:35:20.720,65255.929,371
00:35:20.820,65252.134,474
00:35:20.921,65258.404,391
00:35:21.021,65260.709,393
00:35:21.122,65269.339,417
00:35:21.222,65253.071,391
00:35:21.323,65249.095,410
00:35:21.423,65232.83,396
00:35:21.524,65227.497,396
00:35:21.624,65211.171,398
00:35:21.725,65207.93,383
00:35:21.825,65205.012,425
00:35:21.926,65203.804,449
00:35:22.026,65203.187,422
00:35:22.127,65197.115,393
00:35:22.227,65208.489,386
00:35:22.328,65204.365,396
00:35:22.429,65201.595,437
00:35:22.529,65206.633,405
00:35:22.630,65198.883,420
00:35:22.730,65199.12,378
00:35:22.831,65194.227,386
00:35:22.931,65196.32,413
00:35:23.032,65223.783,413
00:35:23.132,65279.651,410
00:35:23.233,65343.633,396
00:35:23.333,65403.324,403
00:35:23.434,65489.458,391
00:35:23.535,65574.11,405
00:35:23.635,65641.868,386
00:35:23.736,65672.271,403
00:35:23.836,65598.162,413
00:35:23.937,65541.382,420
00:35:24.037,65437.239,400
00:35:24.138,65380.488,391
00:35:24.238,65369.971,400
00:35:24.339,65383.228,396
00:35:24.439,65369.764,396
00:35:24.540,65354.15,391
00:35:24.640,65339.822,430
00:35:24.741,65342.828,403
00:35:24.841,65335.228,405
00:35:24.942,65337.968,388
00:35:25.043,65322.856,391
00:35:25.143,65327.155,408
00:35:25.244,65315.485,396
00:35:25.344,65312.562,383
00:35:25.445,65301.755,398
00:35:25.545,65321.379,388
00:35:25.646,65325.708,391
00:35:25.746,65328.277,403
00:35:25.847,65322.525,410
00:35:25.947,65335.08,393
00:35:26.048,65335.08,400
00:35:26.149,65330.87,381
00:35:26.249,65327.532,422
00:35:26.350,65332.281,386
00:35:26.450,65329.6,391
00:35:26.551,65322.531,398
00:35:26.651,65319.932,410
00:35:26.752,65320.7,420
00:35:26.852,65321.645,422
00:35:26.953,65318.875,405
00:35:27.053,65322.259,391
00:35:27.154,65328.838,391
00:35:27.254,65331.601,386
00:35:27.355,65326.978,430
00:35:27.455,65322.731,398
00:35:27.556,65325.53,388
00:35:27.656,65322.59,410
00:35:27.757,65316.838,378
00:35:27.858,65318.55,383
00:35:27.958,65325.655,388
00:35:28.059,65330.243,396
00:35:28.159,65328.277,378
00:35:28.260,65327.946,415
00:35:28.360,65327.155,408
00:35:28.461,65328.277,393
00:35:28.561,65324.379,386
00:35:28.662,65320.464,396
00:35:28.762,65325.36,388
00:35:28.863,65322.436,437
00:35:28.963,65317.848,400
00:35:29.064,65306.521,405
00:35:29.164,65308.475,422
00:35:29.265,65316.135,381
00:35:29.365,65314.658,410
00:35:29.466,65312.243,381
00:35:29.567,65317.93,403
00:35:29.667,65319.401,386
00:35:29.768,65317.257,400
00:35:29.868,65308.469,396
00:35:29.969,65316.283,410
00:35:30.069,65315.042,393
00:35:30.170,65309.887,422
00:35:30.270,65311.475,391
00:35:30.371,65316.719,420
00:35:30.472,65313.808,398
00:35:30.572,65313.631,415
00:35:30.673,65311.328,420
00:35:30.773,65315.072,398
00:35:30.874,65316.66,427
00:35:30.974,65314.665,381
00:35:31.075,65319.755,391
00:35:31.175,65322.347,393
00:35:31.276,65322.649,391
00:35:31.376,65317.842,422
00:35:31.477,65320.818,386
00:35:31.577,65323.381,386
00:35:31.678,65322.117,413
00:35:31.778,65320.493,388
00:35:31.879,65321.025,410
00:35:31.979,65320.552,408
00:35:32.080,65320.346,408
00:35:32.180,65321.793,437
00:35:32.281,65323.322,415
00:35:32.381,65322.088,435
00:35:32.482,65320.848,391
00:35:32.582,65321.438,420
00:35:32.683,65320.523,430
00:35:32.783,65321.963,396
00:35:32.884,65320.759,420
00:35:32.984,65319.082,391
00:35:33.085,65322.643,398
00:35:33.185,65317.228,396
00:35:33.286,65323.883,459
00:35:33.386,65323.499,405
00:35:33.487,65322.702,413
00:35:33.587,65321.527,417
00:35:33.688,65326.446,396
00:35:33.789,65327.834,437
00:35:33.889,65329.629,430
00:35:33.990,65335.375,376
00:35:34.090,65329.186,396
00:35:34.191,65336.343,400
00:35:34.291,65336.025,400
00:35:34.392,65337.436,422
00:35:34.492,65335.582,381
00:35:34.593,65336.025,378
00:35:34.693,65333.049,415
00:35:34.794,65336.373,400
00:35:34.894,65336.262,388
00:35:34.995,65334.519,396
00:35:35.095,65335.228,408
00:35:35.196,65336.468,415
00:35:35.296,65335.139,396
00:35:35.397,65333.219,405
00:35:35.497,65331.52,422
00:35:35.598,65334.814,388
00:35:35.698,65326.682,400
00:35:35.799,65331.04,388
00:35:35.899,65320.759,400
00:35:36.000,65331.254,388
00:35:36.101,65307.731,415
00:35:36.201,65330.043,388
00:35:36.302,65328.832,403
00:35:36.402,65328.809,420
00:35:36.503,65329.541,403
00:35:36.603,65327.237,432
00:35:36.704,65323.033,420
00:35:36.804,65331.395,378
00:35:36.905,65323.972,383
00:35:37.005,65326.476,408
00:35:37.106,65329.009,420
00:35:37.207,65330.043,378
00:35:37.307,65330.102,415
00:35:37.408,65330.331,415
00:35:37.508,65332.553,381
00:35:37.609,65332.687,400
00:35:37.709,65330.013,413
00:35:37.810,65331.956,393
00:35:37.910,65332.783,430
00:35:38.011,65332.783,386
00:35:38.111,65331.513,403
00:35:38.212,65330.486,391
00:35:38.312,65330.19,400
00:35:38.413,65330.509,400
00:35:38.514,65325.36,422
00:35:38.614,65324.356,405
00:35:38.715,65326.121,447
00:35:38.815,65330.072,417
00:35:38.916,65330.479,396
00:35:39.016,65329.895,413
00:35:39.117,65332.192,386
00:35:39.217,65331.542,400
00:35:39.317,65331.756,400
00:35:39.418,65331.099,383
00:35:39.519,65333.61,461
00:35:39.619,65333.308,396
00:35:39.720,65332.753,403
00:35:39.820,65332.044,391
00:35:39.921,65329.282,437
00:35:40.021,65335.169,420
00:35:40.122,65332.717,388
00:35:40.222,65334.939,405
00:35:40.323,65326.062,425
00:35:40.423,65326.741,376
00:35:40.524,65328.891,393
00:35:40.624,65332.665,400
00:35:40.725,65326.919,405
00:35:40.825,65332.783,422
00:35:40.926,65335.693,393
00:35:41.026,65332.399,398
00:35:41.127,65335.789,393
00:35:41.227,65331.749,413
00:35:41.328,65332.281,398
00:35:41.428,65331.956,427
00:35:41.529,65317.552,425
00:35:41.629,65329.363,396
00:35:41.730,65335.553,393
00:35:41.830,65332.783,422
00:35:41.931,65333.662,393
00:35:42.031,65332.31,405
00:35:42.132,65331.69,405
00:35:42.232,65332.931,391
00:35:42.333,65333.256,410
00:35:42.433,65330.893,378
00:35:42.534,65334.496,403
00:35:42.634,65335.989,396
00:35:42.735,65330.072,430
00:35:42.835,65328.454,408
00:35:42.936,65333.131,410
00:35:43.036,65334.526,403
00:35:43.136,65334.696,391
00:35:43.237,65334.755,420
00:35:43.337,65329.57,386
00:35:43.438,65334.342,420
00:35:43.538,65334.696,430
00:35:43.639,65335.759,415
00:35:43.739,65333.758,396
00:35:43.840,65334.371,386
00:35:43.940,65329.954,383
00:35:44.041,65335.139,393
00:35:44.141,65336.203,393
00:35:44.242,65339.172,417
00:35:44.342,65339.297,400
00:35:44.443,65339.379,391
00:35:44.543,65338.765,400
00:35:44.644,65339.91,415
00:35:44.744,65341.447,422
00:35:44.845,65339.858,410
00:35:44.945,65339.497,422
00:35:45.046,65338.381,405
00:35:45.146,65340.058,417
00:35:45.247,65339.681,391
00:35:45.347,65338.381,405
00:35:45.448,65336.639,405
00:35:45.548,65337.791,386
00:35:45.649,65338.736,400
00:35:45.749,65331.129,405
00:35:45.850,65338.736,378
00:35:45.950,65337.525,393
00:35:46.050,65338.736,391
00:35:46.151,65334.46,422
00:35:46.251,65335.907,403
00:35:46.352,65329.334,405
00:35:46.452,65335.494,413
00:35:46.553,65333.433,398
00:35:46.653,65335.228,410
00:35:46.754,65329.629,391
00:35:46.854,65336.225,383
00:35:46.955,65335.257,386
00:35:47.055,65336.557,391
00:35:47.155,65330.427,430
00:35:47.256,65337.141,403
00:35:47.356,65337.495,391
00:35:47.457,65329.541,437
00:35:47.557,65329.954,393
00:35:47.658,65335.05,383
00:35:47.758,65334.401,413
00:35:47.859,65335.494,396
00:35:47.959,65335.11,388
00:35:48.060,65332.044,393
00:35:48.160,65334.91,437
00:35:48.261,65336.432,417
00:35:48.361,65337.111,427
00:35:48.462,65337.502,396
00:35:48.562,65327.916,398
00:35:48.663,65333.492,388
00:35:48.763,65322.406,439
00:35:48.864,65335.11,427
00:35:48.964,65334.319,437
00:35:49.065,65334.401,413
00:35:49.165,65333.137,425
00:35:49.266,65333.751,386
00:35:49.366,65334.873,393
00:35:49.467,65335.198,400
00:35:49.567,65334.991,425
00:35:49.668,65331.638,405
00:35:49.768,65329.304,386
00:35:49.869,65334.903,381
00:35:49.969,65335.7,388
00:35:50.070,65334.726,422
00:35:50.171,65328.448,396
00:35:50.271,65334.496,405
00:35:50.372,65329.098,422
00:35:50.472,65334.312,405
00:35:50.573,65333.78,410
00:35:50.673,65334.792,417
00:35:50.774,65335.398,400
00:35:50.874,65329.984,410
00:35:50.975,65328.957,420
00:35:51.075,65334.696,413
00:35:51.176,65336.225,417
00:35:51.276,65333.964,420
00:35:51.377,65334.962,403
00:35:51.478,65334.548,386
00:35:51.578,65336.409,381
00:35:51.679,65334.017,405
00:35:51.779,65335.316,405
00:35:51.880,65335.612,422
00:35:51.980,65336.262,393
00:35:52.081,65337.17,400
00:35:52.181,65319.607,432
00:35:52.282,65335.966,408
00:35:52.383,65335.464,391
00:35:52.483,65335.11,396
00:35:52.584,65334.726,408
00:35:52.684,65335.05,422
00:35:52.785,65327.687,408
00:35:52.885,65333.433,393
00:35:52.986,65332.872,383
00:35:53.086,65331.011,383
00:35:53.187,65327.125,400
00:35:53.287,65327.916,386
00:35:53.388,65326.157,415
00:35:53.489,65333.367,396
00:35:53.589,65326.298,425
00:35:53.690,65333.167,396
00:35:53.790,65327.746,398
00:35:53.891,65333.515,393
00:35:53.991,65332.044,400
00:35:54.092,65333.58,417
00:35:54.192,65333.049,398
00:35:54.293,65326.564,403
00:35:54.393,65334.519,398
00:35:54.494,65334.223,391
00:35:54.594,65334.112,422
00:35:54.695,65334.489,391
00:35:54.795,65327.362,442
00:35:54.896,65333.721,435
00:35:54.996,65333.019,398
00:35:55.097,65335.05,432
00:35:55.198,65335.169,398
00:35:55.298,65334.342,386
00:35:55.399,65332.14,398
00:35:55.499,65334.814,391
00:35:55.600,65328.477,439
00:35:55.700,65333.551,405
00:35:55.801,65332.894,393
00:35:55.901,65332.517,400
00:35:56.002,65333.817,396
00:35:56.102,65334.666,393
00:35:56.203,65317.487,391
00:35:56.303,65334.201,388
00:35:56.404,65334.548,393
00:35:56.504,65333.603,398
00:35:56.605,65334.496,432
00:35:56.705,65333.574,430
00:35:56.806,65331.897,422
00:35:56.906,65332.022,386
00:35:57.007,65331.661,396
00:35:57.107,65334.519,413
00:35:57.208,65328.418,415
00:35:57.308,65334.378,420
00:35:57.409,65335.169,415
00:35:57.509,65335.08,427
00:35:57.610,65335.464,388
00:35:57.710,65332.931,376
00:35:57.810,65334.076,408
00:35:57.911,65333.521,383
00:35:58.011,65334.135,413
00:35:58.112,65334.932,386
00:35:58.212,65334.489,398
00:35:58.313,65333.728,371
00:35:58.413,65333.81,396
00:35:58.514,65334.408,422
00:35:58.615,65335.08,386
00:35:58.715,65335.487,432
00:35:58.816,65334.703,398
00:35:58.916,65334.726,383
00:35:59.017,65336.114,393
00:35:59.117,65335.494,391
00:35:59.218,65327.562,430
00:35:59.318,65335.11,386
00:35:59.419,65333.846,388
00:35:59.519,65334.164,430
00:35:59.620,65335.405,415
00:35:59.720,65328.448,391
00:35:59.821,65330.013,398
00:35:59.921,65336.705,400
00:36:00.022,65329.422,425
00:36:00.122,65334.814,427
00:36:00.223,65334.873,398
00:36:00.323,65329.157,400
00:36:00.424,65336.587,396
00:36:00.524,65335.287,405
00:36:00.625,65334.696,432
00:36:00.725,65333.987,427
00:36:00.826,65333.492,437
00:36:00.926,65333.344,403
00:36:01.027,65333.574,398
00:36:01.128,65334.223,439
00:36:01.228,65322.738,393
00:36:01.329,65332.99,413
00:36:01.429,65326.298,391
00:36:01.530,65332.192,381
00:36:01.630,65331.454,391
00:36:01.731,65332.517,405
00:36:01.831,65331.661,427
00:36:01.932,65332.222,417
00:36:02.033,65331.815,388
00:36:02.133,65332.274,376
00:36:02.234,65332.488,430
00:36:02.334,65333.256,386
00:36:02.435,65331.52,427
00:36:02.535,65332.687,405
00:36:02.636,65333.994,398
00:36:02.736,65333.898,388
00:36:02.837,65332.488,427
00:36:02.937,65333.699,378
00:36:03.038,65332.812,396
00:36:03.138,65335.309,405
00:36:03.239,65333.374,396
00:36:03.339,65336.587,388
00:36:03.440,65336.136,381
00:36:03.540,65333.876,383
00:36:03.641,65336.668,396
00:36:03.741,65337.584,430
00:36:03.842,65338.418,400
00:36:03.942,65337.702,427
00:36:04.043,65336.786,386
00:36:04.143,65337.761,430
00:36:04.244,65330.84,430
00:36:04.344,65337.052,405
00:36:04.445,65336.527,386
00:36:04.545,65332.133,410
00:36:04.646,65330.39,413
00:36:04.746,65335.228,391
00:36:04.847,65334.792,398
00:36:04.948,65336.757,381
00:36:05.048,65335.169,388
00:36:05.149,65330.309,391
00:36:05.249,65335.198,435
00:36:05.350,65333.485,410
00:36:05.450,65332.694,425
00:36:05.551,65336.321,408
00:36:05.651,65331.69,427
00:36:05.752,65335.937,396
00:36:05.852,65333.196,393
00:36:05.953,65333.78,430
00:36:06.053,65333.521,398
00:36:06.154,65334.017,400
00:36:06.254,65334.142,393
00:36:06.355,65334.873,430
00:36:06.455,65334.844,403
00:36:06.556,65332.96,432
00:36:06.656,65333.071,391
00:36:06.757,65334.083,378
00:36:06.857,65326.328,383
00:36:06.958,65332.96,383
00:36:07.058,65326.653,403
00:36:07.159,65332.192,427
00:36:07.259,65332.074,430
00:36:07.360,65327.243,427
00:36:07.460,65334.017,403
00:36:07.561,65332.665,437
00:36:07.661,65333.869,396
00:36:07.761,65332.369,422
00:36:07.862,65332.222,400
00:36:07.962,65326.623,388
00:36:08.063,65332.99,388
00:36:08.163,65333.285,435
00:36:08.264,65332.872,415
00:36:08.364,65332.842,391
00:36:08.465,65333.544,393
00:36:08.565,65334.046,396
00:36:08.666,65331.608,435
00:36:08.766,65333.633,391
00:36:08.867,65334.614,420
00:36:08.967,65333.662,376
00:36:09.068,65333.049,425
00:36:09.168,65333.485,391
00:36:09.269,65327.864,400
00:36:09.369,65332.783,408
00:36:09.470,65332.576,413
00:36:09.570,65332.428,376
00:36:09.671,65332.606,393
00:36:09.771,65333.81,383
00:36:09.872,65331.69,420
00:36:09.972,65332.724,410
00:36:10.073,65333.58,383
00:36:10.173,65332.428,420
00:36:10.274,65332.812,403
00:36:10.374,65334.666,386
00:36:10.475,65334.726,420
00:36:10.575,65335.021,391
00:36:10.676,65335.198,417
00:36:10.777,65336.055,425
00:36:10.877,65337.643,393
00:36:10.978,65336.616,410
00:36:11.078,65336.402,432
00:36:11.179,65335.789,400
00:36:11.279,65336.321,398
00:36:11.380,65337.377,413
00:36:11.480,65334.637,396
00:36:11.581,65335.08,400
00:36:11.681,65322.908,396
00:36:11.782,65335.671,378
00:36:11.882,65337.732,432
00:36:11.983,65335.405,386
00:36:12.083,65324.858,405
00:36:12.184,65335.346,408
00:36:12.284,65330.781,400
00:36:12.385,65335.368,388
00:36:12.485,65329.688,386
00:36:12.586,65335.021,386
00:36:12.686,65328.248,422
00:36:12.787,65332.694,388
00:36:12.887,65329.068,398
00:36:12.988,65335.228,437
00:36:13.088,65334.548,398
00:36:13.189,65334.637,383
00:36:13.289,65334.732,391
00:36:13.390,65333.81,400
00:36:13.490,65334.312,388
00:36:13.591,65334.112,383
00:36:13.691,65334.666,388
00:36:13.792,65329.009,417
00:36:13.892,65328.159,381
00:36:13.993,65335.021,391
00:36:14.093,65333.426,393
00:36:14.194,65333.315,435
00:36:14.294,65332.724,422
00:36:14.395,65334.578,400
00:36:14.495,65329.127,398
00:36:14.596,65335.05,388
00:36:14.696,65336.025,396
00:36:14.797,65336.402,400
00:36:14.897,65335.523,427
00:36:14.998,65336.734,435
00:36:15.098,65336.284,393
00:36:15.199,65330.22,417
00:36:15.299,65333.61,388
00:36:15.400,65334.726,391
00:36:15.500,65333.64,425
00:36:15.600,65332.924,378
00:36:15.701,65331.49,413
00:36:15.801,65329.127,383
00:36:15.902,65325.944,376
00:36:16.003,65332.458,400
00:36:16.103,65327.391,393
00:36:16.204,65330.774,393
00:36:16.304,65334.289,383
00:36:16.405,65332.865,381
00:36:16.505,65329.045,396
00:36:16.606,65334.519,378
00:36:16.706,65330.043,432
00:36:16.807,65334.607,432
00:36:16.907,65326.387,422
00:36:17.008,65337.259,374
00:36:17.108,65337.325,403
00:36:17.209,65341.092,408
00:36:17.309,65333.16,386
00:36:17.410,65338.47,393
00:36:17.510,65339.386,413
00:36:17.611,65335.612,391
00:36:17.711,65331.808,396
00:36:17.812,65334.962,400
00:36:17.912,65335.257,396
00:36:18.013,65336.055,430
00:36:18.113,65336.491,410
00:36:18.214,65335.464,376
00:36:18.314,65334.164,391
00:36:18.415,65336.587,391
00:36:18.515,65336.527,410
00:36:18.616,65335.605,430
00:36:18.716,65329.629,435
00:36:18.817,65336.823,413
00:36:18.917,65328.182,391
00:36:19.018,65335.612,425
00:36:19.118,65324.946,386
00:36:19.219,65336.52,439
00:36:19.319,65329.984,435
00:36:19.420,65334.844,393
00:36:19.520,65330.84,391
00:36:19.621,65336.55,427
00:36:19.721,65336.793,391
00:36:19.822,65336.314,432
00:36:19.922,65337.443,442
00:36:20.023,65335.9,391
00:36:20.123,65329.747,400
00:36:20.224,65337.118,391
00:36:20.324,65336.373,405
00:36:20.424,65336.232,391
00:36:20.525,65336.432,427
00:36:20.625,65336.616,447
00:36:20.726,65336.084,393
00:36:20.826,65337.318,398
00:36:20.927,65336.904,376
00:36:21.027,65337.03,410
00:36:21.128,65336.52,391
00:36:21.228,65335.021,415
00:36:21.329,65335.523,388
00:36:21.429,65336.734,378
00:36:21.530,65335.139,432
00:36:21.630,65335.375,408
00:36:21.731,65328.743,439
00:36:21.831,65335.553,383
00:36:21.932,65335.198,381
00:36:22.032,65337.023,413
00:36:22.133,65335.523,391
00:36:22.233,65335.11,391
00:36:22.333,65334.519,430
00:36:22.434,65336.291,398
00:36:22.534,65335.553,403
00:36:22.635,65337.111,400
00:36:22.735,65337.355,383
00:36:22.836,65336.639,413
00:36:22.936,65330.981,415
00:36:23.037,65336.203,403
00:36:23.137,65335.73,432
00:36:23.238,65335.494,391
00:36:23.338,65335.966,444
00:36:23.439,65336.668,405
00:36:23.539,65337.229,393
00:36:23.640,65336.38,403
00:36:23.740,65335.878,396
00:36:23.841,65335.937,388
00:36:23.941,65335.546,391
00:36:24.042,65334.555,393
00:36:24.142,65334.076,388
00:36:24.243,65335.257,417
00:36:24.343,65332.281,396
00:36:24.444,65335.346,398
00:36:24.544,65323.411,422
00:36:24.645,65335.11,388
00:36:24.745,65336.705,432
00:36:24.846,65335.494,383
00:36:24.946,65335.553,391
00:36:25.047,65335.339,403
00:36:25.147,65334.821,415
00:36:25.248,65336.668,405
00:36:25.348,65335.73,391
00:36:25.449,65336.255,386
00:36:25.549,65335.412,391
00:36:25.650,65333.071,420
00:36:25.750,65330.072,405
00:36:25.851,65336.173,410
00:36:25.952,65334.696,430
00:36:26.052,65334.194,439
00:36:26.153,65335.907,403
00:36:26.253,65335.523,403
00:36:26.354,65334.932,376
00:36:26.454,65336.321,391
00:36:26.555,65336.077,413
00:36:26.655,65334.814,386
00:36:26.756,65334.939,388
00:36:26.856,65335.434,381
00:36:26.957,65333.898,422
00:36:27.057,65335.405,417
00:36:27.158,65334.932,398
00:36:27.258,65337.2,386
00:36:27.359,65336.409,378
00:36:27.459,65335.228,403
00:36:27.560,65335.405,432
00:36:27.660,65335.346,413
00:36:27.761,65336.757,381
00:36:27.861,65334.607,396
00:36:27.962,65335.264,403
00:36:28.062,65335.516,420
00:36:28.163,65335.316,398
00:36:28.263,65334.732,393
00:36:28.364,65336.107,393
00:36:28.464,65335.434,391
00:36:28.565,65335.523,386
00:36:28.665,65336.025,420
00:36:28.766,65335.464,396
00:36:28.867,65334.991,400
00:36:28.967,65335.375,398
00:36:29.068,65336.845,422
00:36:29.168,65330.811,381
00:36:29.269,65335.198,403
00:36:29.369,65335.641,391
00:36:29.470,65335.605,405
00:36:29.570,65335.375,383
00:36:29.671,65335.257,383
00:36:29.771,65335.139,396
00:36:29.872,65336.616,393
00:36:29.972,65334.46,386
00:36:30.073,65334.289,383
00:36:30.174,65337.111,430
00:36:30.274,65335.05,413
00:36:30.375,65314.954,422
00:36:30.475,65337.052,408
00:36:30.576,65334.578,391
00:36:30.676,65333.905,381
00:36:30.777,65334.903,393
00:36:30.877,65337.089,396
00:36:30.978,65328.891,391
00:36:31.078,65334.017,417
00:36:31.179,65334.962,422
00:36:31.279,65334.519,403
00:36:31.380,65328.779,391
00:36:31.480,65334.46,400
00:36:31.581,65334.017,391
00:36:31.681,65334.844,400
00:36:31.782,65334.939,417
00:36:31.883,65334.578,381
00:36:31.983,65335.878,405
00:36:32.084,65335.494,383
00:36:32.184,65335.434,413
00:36:32.285,65335.752,410
00:36:32.385,65336.291,420
00:36:32.486,65336.203,415
00:36:32.586,65335.693,420
00:36:32.687,65336.468,425
00:36:32.787,65324.444,415
00:36:32.888,65335.848,391
00:36:32.988,65335.346,398
00:36:33.089,65335.664,396
00:36:33.189,65333.758,413
00:36:33.290,65335.818,396
00:36:33.391,65329.393,398
00:36:33.491,65335.989,403
00:36:33.592,65333.964,398
00:36:33.692,65334.991,415
00:36:33.793,65336.527,383
00:36:33.893,65335.021,386
00:36:33.994,65336.255,396
00:36:34.094,65335.553,393
00:36:34.195,65334.932,439
00:36:34.295,65335.759,427
00:36:34.396,65334.46,393
00:36:34.496,65336.262,454
00:36:34.597,65334.991,398
00:36:34.697,65334.548,422
00:36:34.798,65336.439,403
00:36:34.898,65336.786,386
00:36:34.999,65334.083,393
00:36:35.099,65334.076,381
00:36:35.200,65337.672,415
00:36:35.300,65336.114,403
00:36:35.401,65334.519,396
00:36:35.501,65335.198,417
00:36:35.602,65334.962,442
00:36:35.702,65335.228,415
00:36:35.803,65335.375,388
00:36:35.903,65335.375,398
00:36:36.004,65334.548,393
00:36:36.104,65335.937,410
00:36:36.205,65335.523,386
00:36:36.305,65338.204,391
00:36:36.406,65331.188,391
00:36:36.506,65333.758,393
00:36:36.607,65336.875,403
00:36:36.707,65334.526,410
00:36:36.808,65334.253,427
00:36:36.908,65332.222,393
00:36:37.009,65336.173,398
00:36:37.109,65336.52,381
00:36:37.209,65336.941,398
00:36:37.310,65335.93,413
00:36:37.411,65334.26,417
00:36:37.511,65334.253,391
00:36:37.612,65333.817,403
00:36:37.712,65334.342,400
00:36:37.813,65328.891,430
00:36:37.913,65335.434,425
00:36:38.014,65337.052,396
00:36:38.114,65336.084,432
00:36:38.215,65328.248,393
00:36:38.315,65332.924,396
00:36:38.416,65328.484,393
00:36:38.516,65332.458,403
00:36:38.617,65329.57,396
00:36:38.717,65337.525,381
00:36:38.818,65335.907,444
00:36:38.918,65337.259,413
00:36:39.019,65330.427,383
00:36:39.119,65334.076,386
00:36:39.220,65333.958,383
00:36:39.320,65335.257,403
00:36:39.421,65336.35,398
00:36:39.521,65330.102,417
00:36:39.622,65335.848,413
00:36:39.722,65336.225,410
00:36:39.823,65329.57,398
00:36:39.923,65333.256,425
00:36:40.024,65333.603,381
00:36:40.125,65333.167,386
00:36:40.225,65335.818,388
00:36:40.326,65330.072,383
00:36:40.426,65337.259,437
00:36:40.527,65336.468,400
00:36:40.627,65333.544,408
00:36:40.728,65333.699,403
00:36:40.828,65333.928,400
00:36:40.929,65332.104,396
00:36:41.029,65334.962,396
00:36:41.130,65336.616,400
00:36:41.230,65335.878,430
00:36:41.331,65336.816,422
00:36:41.431,65335.878,396
00:36:41.532,65333.337,410
00:36:41.632,65329.222,405
00:36:41.733,65334.312,413
00:36:41.833,65333.433,403
00:36:41.934,65337.554,420
00:36:42.035,65336.58,400
00:36:42.135,65335.582,425
00:36:42.236,65336.587,386
00:36:42.336,65334.135,391
00:36:42.437,65332.606,396
00:36:42.537,65331.985,398
00:36:42.638,65335.08,415
00:36:42.738,65335.375,388
00:36:42.839,65336.675,403
00:36:42.939,65336.845,386
00:36:43.040,65335.228,454
00:36:43.140,65332.812,391
00:36:43.241,65326.476,388
00:36:43.341,65333.958,405
00:36:43.442,65331.579,432
00:36:43.542,65334.873,408
00:36:43.643,65336.58,391
00:36:43.743,65331.726,396
00:36:43.844,65337.141,396
00:36:43.944,65335.937,413
00:36:44.045,65333.515,422
00:36:44.145,65333.049,422
00:36:44.246,65333.344,405
00:36:44.346,65334.696,398
00:36:44.447,65335.671,396
00:36:44.547,65337.968,391
00:36:44.648,65336.816,417
00:36:44.748,65335.494,393
00:36:44.849,65327.746,425
00:36:44.949,65333.898,393
00:36:45.050,65327.155,413
00:36:45.150,65334.696,415
00:36:45.251,65335.582,437
00:36:45.352,65336.793,410
00:36:45.452,65334.223,425
00:36:45.553,65333.928,393
00:36:45.653,65314.747,435
00:36:45.754,65332.11,430
00:36:45.854,65331.838,383
00:36:45.955,65334.223,420
00:36:46.055,65335.818,408
00:36:46.156,65329.039,422
00:36:46.256,65334.548,383
00:36:46.357,65335.08,422
00:36:46.458,65333.167,430
00:36:46.558,65332.576,420
00:36:46.659,65334.844,396
00:36:46.759,65336.321,430
00:36:46.860,65336.816,427
00:36:46.960,65338.5,383
00:36:47.061,65337.17,405
00:36:47.162,65336.764,403
00:36:47.262,65334.991,391
00:36:47.363,65334.932,398
00:36:47.463,65336.262,417
00:36:47.564,65336.786,417
00:36:47.664,65337.584,388
00:36:47.765,65337.177,381
00:36:47.865,65336.668,393
00:36:47.966,65335.907,374
00:36:48.066,65333.662,425
00:36:48.167,65334.437,413
00:36:48.267,65334.637,417
00:36:48.368,65335.05,396
00:36:48.468,65336.409,442
00:36:48.569,65337.229,435
00:36:48.669,65336.439,388
00:36:48.770,65336.343,383
00:36:48.870,65334.401,388
00:36:48.971,65334.526,403
00:36:49.071,65334.223,408
00:36:49.172,65335.316,383
00:36:49.272,65336.38,393
00:36:49.373,65336.727,415
00:36:49.473,65336.764,391
00:36:49.574,65334.932,425
00:36:49.674,65333.396,425
00:36:49.775,65333.344,430
00:36:49.875,65333.78,391
00:36:49.976,65334.785,408
00:36:50.077,65330.958,398
00:36:50.177,65337.436,417
00:36:50.278,65335.641,396
00:36:50.378,65336.468,400
00:36:50.479,65329.688,393
00:36:50.579,65334.844,383
00:36:50.680,65334.962,400
00:36:50.781,65334.696,435
00:36:50.881,65337.525,420
00:36:50.982,65338.381,398
00:36:51.082,65338.027,403
00:36:51.183,65335.434,393
00:36:51.283,65332.842,400
00:36:51.384,65333.462,405
00:36:51.484,65322.347,391
00:36:51.585,65334.371,422
00:36:51.685,65334.991,427
00:36:51.786,65336.764,396
00:36:51.886,65337.288,396
00:36:51.987,65334.578,408
00:36:52.087,65334.703,400
00:36:52.188,65332.392,415
00:36:52.289,65333.551,398
00:36:52.389,65333.935,391
00:36:52.490,65335.605,405
00:36:52.590,65335.818,403
00:36:52.691,65335.523,388
00:36:52.791,65333.551,400
00:36:52.892,65334.046,435
00:36:52.992,65334.46,408
00:36:53.093,65327.952,400
00:36:53.193,65327.716,391
00:36:53.294,65336.314,413
00:36:53.394,65335.434,388
00:36:53.495,65334.637,393
00:36:53.595,65336.262,437
00:36:53.696,65327.982,388
00:36:53.796,65331.454,413
00:36:53.897,65327.716,391
00:36:53.997,65333.751,386
00:36:54.098,65337.466,391
00:36:54.198,65337.613,422
00:36:54.298,65334.673,420
00:36:54.399,65336.166,422
00:36:54.499,65335.375,386
00:36:54.600,65333.935,383
00:36:54.700,65323.322,410
00:36:54.801,65335.169,400
00:36:54.901,65336.432,396
00:36:55.002,65336.498,398
00:36:55.102,65330.722,398
00:36:55.203,65335.221,408
00:36:55.303,65335.205,432
00:36:55.404,65331.985,396
00:36:55.504,65334.017,396
00:36:55.605,65336.439,417
00:36:55.705,65337.702,427
00:36:55.806,65335.759,381
00:36:55.906,65334.578,408
00:36:56.006,65334.755,398
00:36:56.107,65332.635,430
00:36:56.207,65333.64,393
00:36:56.308,65334.578,396
00:36:56.408,65335.937,396
00:36:56.509,65335.28,393
00:36:56.609,65331.047,422
00:36:56.710,65334.696,386
00:36:56.810,65333.61,398
00:36:56.911,65326.003,400
00:36:57.011,65333.315,420
00:36:57.111,65335.287,422
00:36:57.212,65335.257,403
00:36:57.312,65336.727,383
00:36:57.413,65337.17,396
00:36:57.513,65334.171,396
00:36:57.614,65333.958,420
00:36:57.714,65333.935,400
00:36:57.815,65333.78,435
00:36:57.915,65333.64,396
00:36:58.016,65337.2,400
00:36:58.116,65336.284,405
00:36:58.217,65336.439,386
00:36:58.317,65335.11,386
00:36:58.418,65327.391,415
00:36:58.518,65327.332,408
00:36:58.619,65334.194,383
00:36:58.719,65329.541,386
00:36:58.819,65336.705,398
00:36:58.920,65337.2,398
00:36:59.021,65334.755,396
00:36:59.121,65334.844,400
00:36:59.221,65332.901,386
00:36:59.322,65333.492,405
00:36:59.422,65333.515,405
00:36:59.523,65336.143,432
00:36:59.623,65337.052,383
00:36:59.724,65330.988,396
00:36:59.824,65335.789,420
00:36:59.925,65334.371,383
00:37:00.025,65334.223,386
00:37:00.126,65333.964,439
00:37:00.226,65333.662,408
00:37:00.327,65330.427,391
00:37:00.427,65335.907,415
00:37:00.528,65336.875,398
00:37:00.629,65334.578,422
00:37:00.729,65336.291,427
00:37:00.830,65333.337,410
00:37:00.930,65334.053,396
00:37:01.031,65330.072,439
00:37:01.131,65337.259,430
00:37:01.232,65336.734,420
00:37:01.332,65336.196,386
00:37:01.433,65335.996,410
00:37:01.533,65334.076,391
00:37:01.634,65333.935,420
00:37:01.734,65334.017,403
00:37:01.835,65334.991,400
00:37:01.935,65337.236,405
00:37:02.036,65335.405,410
00:37:02.136,65335.871,393
00:37:02.237,65335.257,376
00:37:02.337,65327.509,408
00:37:02.438,65332.606,410
00:37:02.538,65323.263,435
00:37:02.639,65336.993,405
00:37:02.739,65336.793,396
00:37:02.840,65337.702,410
00:37:02.940,65335.612,405
00:37:03.041,65334.932,417
00:37:03.141,65332.872,383
00:37:03.242,65333.603,405
00:37:03.342,65328.927,396
00:37:03.443,65336.107,393
00:37:03.543,65329.747,388
00:37:03.644,65336.734,415
00:37:03.744,65328.182,408
00:37:03.845,65334.024,403
00:37:03.945,65332.044,420
00:37:04.046,65333.367,400
00:37:04.146,65329.275,393
00:37:04.247,65336.616,383
00:37:04.347,65337.229,403
00:37:04.448,65330.102,422
00:37:04.548,65335.759,415
00:37:04.649,65334.017,383
00:37:04.749,65333.285,391
00:37:04.850,65329.186,442
00:37:04.950,65336.291,410
00:37:05.051,65336.727,381
00:37:05.152,65336.468,396
00:37:05.252,65336.196,383
00:37:05.353,65334.171,449
00:37:05.453,65332.665,422
00:37:05.553,65332.428,422
00:37:05.654,65335.346,381
00:37:05.754,65333.987,391
00:37:05.855,65336.084,417
00:37:05.955,65336.077,403
00:37:06.056,65336.587,386
00:37:06.156,65322.849,391
00:37:06.257,65333.196,386
00:37:06.357,65329.363,400
00:37:06.458,65334.282,396
00:37:06.558,65329.747,398
00:37:06.659,65337.909,393
00:37:06.759,65335.907,410
00:37:06.860,65334.053,383
00:37:06.960,65332.776,400
00:37:07.060,65333.876,398
00:37:07.161,65333.751,420
00:37:07.261,65337.089,415
00:37:07.362,65335.553,432
00:37:07.462,65335.228,393
00:37:07.563,65335.959,396
00:37:07.663,65333.285,410
00:37:07.764,65333.256,386
00:37:07.864,65333.603,388
00:37:07.965,65334.785,388
00:37:08.065,65336.409,383
00:37:08.166,65330.545,386
00:37:08.266,65336.609,388
00:37:08.367,65335.464,388
00:37:08.467,65328.566,374
00:37:08.568,65333.64,393
00:37:08.668,65334.253,403
00:37:08.769,65328.336,435
00:37:08.869,65336.668,398
00:37:08.970,65336.764,410
00:37:09.070,65335.7,425
00:37:09.171,65334.755,388
00:37:09.271,65332.428,415
00:37:09.372,65332.399,398
00:37:09.472,65335.316,381
00:37:09.573,65329.363,391
00:37:09.673,65336.166,383
00:37:09.774,65336.793,396
00:37:09.874,65333.898,422
00:37:09.975,65334.083,393
00:37:10.075,65334.666,413
00:37:10.176,65329.925,442
00:37:10.276,65333.839,420
00:37:10.377,65336.941,435
00:37:10.477,65330.952,417
00:37:10.578,65335.464,396
00:37:10.678,65335.11,400
00:37:10.779,65333.994,417
00:37:10.879,65334.312,415
00:37:10.980,65335.818,430
00:37:11.080,65335.582,386
00:37:11.181,65335.664,398
00:37:11.281,65336.114,396
00:37:11.382,65335.11,422
00:37:11.482,65334.785,405
00:37:11.583,65334.467,427
00:37:11.683,65334.637,388
00:37:11.784,65333.958,398
00:37:11.884,65334.844,400
00:37:11.985,65335.996,408
00:37:12.085,65335.346,425
00:37:12.186,65329.304,439
00:37:12.286,65335.789,376
00:37:12.387,65329.039,400
00:37:12.487,65336.291,400
00:37:12.588,65335.841,393
00:37:12.689,65337.975,408
00:37:12.789,65336.196,398
00:37:12.890,65335.287,396
00:37:12.990,65333.876,396
00:37:13.091,65335.494,393
00:37:13.191,65334.755,415
00:37:13.292,65335.11,417
00:37:13.392,65335.989,393
00:37:13.493,65335.878,437
00:37:13.593,65329.6,398
00:37:13.694,65335.641,376
00:37:13.794,65330.604,427
00:37:13.895,65334.046,403
00:37:13.995,65334.489,398
00:37:14.096,65336.557,400
00:37:14.196,65335.878,437
00:37:14.297,65334.46,403
00:37:14.397,65324.651,437
00:37:14.498,65336.255,388
00:37:14.598,65335.257,400
00:37:14.699,65335.11,386
00:37:14.799,65335.612,408
00:37:14.900,65336.38,396
00:37:15.000,65333.928,408
00:37:15.101,65336.291,413
00:37:15.201,65335.818,400
00:37:15.302,65334.253,376
00:37:15.402,65334.726,405
00:37:15.503,65334.932,432
00:37:15.603,65336.35,425
00:37:15.704,65329.895,393
00:37:15.804,65328.714,386
00:37:15.905,65336.609,400
00:37:16.006,65335.176,383
00:37:16.106,65334.282,410
00:37:16.207,65335.228,417
00:37:16.307,65334.932,405
00:37:16.407,65324.178,396
00:37:16.508,65334.785,388
00:37:16.608,65329.511,388
00:37:16.709,65335.464,381
00:37:16.809,65334.844,391
00:37:16.910,65333.64,422
00:37:17.010,65335.664,415
00:37:17.111,65334.939,410
00:37:17.211,65335.487,417
00:37:17.312,65334.083,417
00:37:17.412,65335.257,400
00:37:17.513,65335.346,381
00:37:17.613,65333.928,437
00:37:17.714,65334.903,388
00:37:17.814,65333.699,386
00:37:17.915,65334.076,386
00:37:18.016,65332.133,415
00:37:18.116,65333.846,386
00:37:18.217,65334.844,410
00:37:18.317,65334.962,398
00:37:18.418,65328.891,393
00:37:18.518,65334.873,400
00:37:18.619,65333.669,413
00:37:18.719,65334.696,408
00:37:18.820,65329.541,410
00:37:18.920,65334.053,435
00:37:19.021,65334.46,403
00:37:19.121,65333.839,396
00:37:19.222,65334.614,415
00:37:19.322,65335.398,410
00:37:19.423,65335.789,388
00:37:19.523,65334.024,408
00:37:19.624,65329.334,413
00:37:19.724,65334.903,398
00:37:19.824,65334.223,388
00:37:19.925,65335.316,386
00:37:20.026,65334.755,396
00:37:20.126,65335.228,435
00:37:20.227,65321.852,400
00:37:20.327,65334.342,403
00:37:20.428,65334.496,378
00:37:20.528,65334.785,388
00:37:20.629,65335.405,444
00:37:20.729,65334.489,425
00:37:20.830,65334.489,425
00:37:20.930,65334.23,378
00:37:21.031,65334.755,398
00:37:21.131,65334.135,415
00:37:21.231,65328.95,427
00:37:21.332,65334.932,386
00:37:21.432,65334.23,413
00:37:21.533,65335.287,415
00:37:21.633,65334.105,410
00:37:21.734,65329.098,425
00:37:21.834,65333.905,422
00:37:21.935,65333.219,410
00:37:22.035,65328.07,403
00:37:22.136,65334.076,408
00:37:22.236,65328.72,393
00:37:22.337,65333.751,417
00:37:22.438,65321.852,403
00:37:22.538,65334.903,400
00:37:22.639,65335.228,413
00:37:22.739,65335.494,376
00:37:22.840,65335.05,393
00:37:22.940,65333.692,400
00:37:23.041,65334.88,396
00:37:23.141,65329.304,410
00:37:23.242,65322.141,410
00:37:23.342,65335.582,410
00:37:23.443,65333.758,391
00:37:23.543,65333.19,376
00:37:23.644,65334.732,391
00:37:23.744,65335.257,396
00:37:23.845,65334.785,432
00:37:23.945,65335.693,396
00:37:24.046,65328.484,413
00:37:24.146,65335.198,410
00:37:24.247,65335.139,420
00:37:24.347,65334.696,396
00:37:24.448,65330.279,417
00:37:24.548,65334.194,422
00:37:24.649,65334.991,425
00:37:24.749,65334.991,400
00:37:24.850,65334.673,398
00:37:24.950,65333.692,381
00:37:25.051,65334.017,420
00:37:25.151,65335.198,388
00:37:25.252,65334.437,400
00:37:25.352,65333.603,408
00:37:25.453,65334.614,398
00:37:25.553,65335.546,417
00:37:25.654,65335.169,405
00:37:25.754,65335.996,410
00:37:25.855,65334.024,393
00:37:25.955,65334.135,383
00:37:26.056,65327.864,430
00:37:26.156,65334.873,420
00:37:26.257,65329.511,417
00:37:26.357,65333.278,386
00:37:26.458,65334.171,403
00:37:26.558,65334.401,408
00:37:26.659,65333.728,400
00:37:26.759,65334.932,381
00:37:26.860,65334.401,393
00:37:26.960,65335.671,405
00:37:27.061,65327.68,410
00:37:27.161,65334.171,413
00:37:27.262,65335.05,425
00:37:27.362,65333.928,405
00:37:27.463,65327.864,398
00:37:27.563,65332.96,396
00:37:27.664,65333.898,408
00:37:27.764,65333.403,408
00:37:27.864,65327.857,393
00:37:27.965,65333.876,400
00:37:28.065,65321.32,444
00:37:28.166,65334.726,408
00:37:28.266,65333.958,398
00:37:28.367,65334.083,408
00:37:28.467,65333.426,430
00:37:28.568,65333.492,376
00:37:28.668,65332.369,427
00:37:28.769,65335.11,417
00:37:28.869,65334.105,408
00:37:28.970,65333.344,393
00:37:29.070,65333.433,403
00:37:29.171,65331.395,415
00:37:29.271,65332.547,393
00:37:29.372,65328.536,388
00:37:29.472,65333.64,430
00:37:29.573,65332.901,393
00:37:29.673,65332.281,427
00:37:29.774,65334.164,420
00:37:29.875,65335.08,374
00:37:29.975,65334.312,417
00:37:30.076,65333.492,425
00:37:30.176,65332.606,425
00:37:30.277,65333.256,396
00:37:30.377,65333.662,398
00:37:30.478,65335.228,388
00:37:30.578,65332.783,439
00:37:30.679,65334.46,405
00:37:30.780,65334.024,400
00:37:30.880,65334.253,381
00:37:30.981,65333.61,415
00:37:31.081,65327.414,410
00:37:31.182,65333.167,422
00:37:31.282,65332.517,447
00:37:31.383,65333.019,403
00:37:31.483,65331.572,425
00:37:31.584,65333.551,386
00:37:31.684,65333.071,391
00:37:31.785,65333.374,427
00:37:31.885,65332.251,396
00:37:31.986,65332.635,442
00:37:32.086,65332.812,405
00:37:32.187,65333.278,398
00:37:32.287,65334.053,396
00:37:32.388,65334.548,415
00:37:32.488,65332.812,417
00:37:32.589,65332.724,383
00:37:32.689,65332.31,386
00:37:32.790,65333.492,432
00:37:32.891,65332.665,391
00:37:32.991,65332.628,410
00:37:33.092,65332.547,403
00:37:33.192,65333.728,420
00:37:33.293,65332.192,444
00:37:33.393,65332.931,410
00:37:33.494,65332.369,430
00:37:33.594,65332.99,393
00:37:33.695,65333.78,386
00:37:33.795,65334.076,430
00:37:33.896,65332.99,415
00:37:33.996,65333.019,396
00:37:34.097,65333.226,396
00:37:34.197,65332.458,417
00:37:34.298,65332.753,391
00:37:34.398,65332.894,408
00:37:34.499,65328.041,400
00:37:34.599,65328.625,388
00:37:34.700,65334.371,417
00:37:34.800,65332.051,386
00:37:34.901,65334.962,393
00:37:35.001,65334.253,415
00:37:35.102,65332.99,432
00:37:35.202,65332.842,410
00:37:35.303,65332.806,415
00:37:35.404,65334.614,410
00:37:35.504,65332.251,393
00:37:35.605,65334.312,410
00:37:35.705,65334.371,410
00:37:35.806,65333.167,396
00:37:35.906,65334.43,410
00:37:36.007,65333.344,403
00:37:36.108,65333.898,388
00:37:36.208,65333.049,415
00:37:36.309,65332.812,435
00:37:36.409,65333.492,388
00:37:36.510,65335.169,393
00:37:36.610,65333.81,420
00:37:36.711,65335.671,430
00:37:36.811,65334.489,398
00:37:36.912,65336.616,415
00:37:37.013,65336.373,391
00:37:37.113,65324.828,420
00:37:37.214,65336.439,405
00:37:37.314,65337.229,430
00:37:37.415,65335.759,386
00:37:37.515,65335.346,400
00:37:37.616,65336.639,396
00:37:37.716,65335.553,393
00:37:37.817,65335.789,378
00:37:37.917,65335.937,391
00:37:38.018,65336.048,427
00:37:38.118,65328.573,417
00:37:38.219,65334.932,391
00:37:38.320,65324.792,417
00:37:38.420,65329.718,396
00:37:38.521,65329.216,386
00:37:38.621,65333.846,435
00:37:38.722,65336.609,430
00:37:38.822,65335.198,383
00:37:38.923,65325.596,388
00:37:39.023,65337.732,403
00:37:39.124,65336.084,415
00:37:39.224,65336.491,405
00:37:39.325,65330.131,391
00:37:39.425,65336.675,417
00:37:39.526,65331.424,391
00:37:39.627,65335.05,400
00:37:39.727,65336.845,420
00:37:39.828,65336.262,386
00:37:39.928,65336.616,413
00:37:40.029,65337.968,381
00:37:40.129,65338.788,430
00:37:40.230,65337.702,386
00:37:40.330,65337.473,403
00:37:40.431,65337.141,417
00:37:40.531,65323.588,422
00:37:40.632,65334.223,403
00:37:40.732,65335.287,420
00:37:40.833,65336.114,427
00:37:40.934,65336.468,413
00:37:41.034,65336.904,410
00:37:41.135,65336.143,391
00:37:41.235,65336.698,391
00:37:41.335,65336.173,396
00:37:41.436,65336.314,408
00:37:41.536,65337.03,381
00:37:41.637,65337.997,393
00:37:41.738,65337.495,435
00:37:41.838,65336.084,410
00:37:41.939,65335.405,427
00:37:42.039,65336.343,388
00:37:42.140,65336.911,396
00:37:42.240,65336.993,386
00:37:42.341,65336.852,435
00:37:42.441,65334.903,371
00:37:42.542,65336.018,393
00:37:42.642,65335.08,393
00:37:42.743,65333.846,391
00:37:42.843,65333.928,417
00:37:42.944,65335.021,435
00:37:43.044,65332.901,378
00:37:43.145,65334.644,422
00:37:43.245,65334.489,417
00:37:43.346,65334.43,439
00:37:43.446,65335.464,415
00:37:43.547,65334.046,396
00:37:43.647,65334.171,383
00:37:43.748,65333.81,427
00:37:43.848,65335.523,393
00:37:43.949,65335.08,408
00:37:44.049,65328.307,383
00:37:44.150,65328.507,396
00:37:44.250,65334.489,410
00:37:44.351,65333.019,457
00:37:44.451,65335.346,437
00:37:44.552,65334.401,396
00:37:44.652,65333.846,383
00:37:44.753,65333.78,403
00:37:44.853,65335.316,391
00:37:44.954,65333.669,422
00:37:45.054,65335.198,381
00:37:45.155,65328.655,398
00:37:45.255,65333.521,396
00:37:45.356,65334.223,432
00:37:45.456,65334.43,420
00:37:45.557,65334.785,396
00:37:45.657,65333.728,415
00:37:45.758,65333.167,430
00:37:45.859,65334.43,413
00:37:45.959,65322.908,435
00:37:46.060,65334.814,400
00:37:46.160,65333.876,383
00:37:46.261,65334.401,417
00:37:46.361,65332.96,386
00:37:46.462,65334.844,410
00:37:46.563,65335.198,393
00:37:46.663,65327.007,410
00:37:46.764,65334.696,405
00:37:46.865,65335.139,442
00:37:46.965,65335.434,417
00:37:47.066,65334.519,405
00:37:47.166,65334.88,383
00:37:47.267,65333.367,405
00:37:47.368,65326.298,388
00:37:47.468,65334.437,381
00:37:47.569,65322.761,408
00:37:47.669,65332.872,393
00:37:47.770,65333.81,391
00:37:47.870,65327.539,396
00:37:47.971,65332.842,400
00:37:48.071,65333.869,413
00:37:48.172,65333.787,430
00:37:48.272,65332.369,422
00:37:48.373,65327.621,396
00:37:48.473,65334.23,422
00:37:48.574,65332.842,396
00:37:48.675,65332.192,383
00:37:48.775,65325.53,378
00:37:48.876,65332.635,381
00:37:48.976,65332.222,398
00:37:49.077,65333.928,422
00:37:49.177,65333.58,425
00:37:49.278,65333.433,408
00:37:49.378,65333.19,391
00:37:49.479,65333.256,410
00:37:49.579,65334.401,383
00:37:49.680,65333.669,417
00:37:49.780,65333.374,391
00:37:49.881,65333.81,383
00:37:49.981,65334.253,435
00:37:50.082,65334.053,425
00:37:50.182,65329.422,393
00:37:50.283,65335.759,398
00:37:50.383,65334.578,415
00:37:50.484,65333.344,393
00:37:50.584,65336.136,408
00:37:50.685,65334.26,408
00:37:50.785,65327.207,381
00:37:50.886,65334.844,378
00:37:50.986,65333.846,381
00:37:51.087,65334.785,415
00:37:51.188,65335.818,432
00:37:51.288,65334.519,415
00:37:51.389,65334.112,393
00:37:51.489,65333.574,391
00:37:51.590,65334.489,417
00:37:51.690,65335.405,415
00:37:51.791,65334.46,403
00:37:51.891,65332.99,393
00:37:51.992,65334.348,400
00:37:52.092,65334.637,378
00:37:52.193,65329.304,403
00:37:52.293,65335.346,398
00:37:52.394,65334.371,396
00:37:52.494,65334.135,403
00:37:52.595,65334.526,378
00:37:52.695,65335.789,417
00:37:52.796,65328.212,398
00:37:52.896,65335.7,391
00:37:52.997,65335.878,398
00:37:53.097,65334.371,413
00:37:53.198,65334.755,388
00:37:53.299,65334.135,420
00:37:53.399,65334.939,386
00:37:53.500,65334.962,383
00:37:53.600,65335.198,376
00:37:53.701,65335.169,386
00:37:53.801,65333.958,413
00:37:53.902,65335.139,396
00:37:54.002,65334.666,393
00:37:54.103,65334.053,430
00:37:54.203,65329.275,413
00:37:54.304,65335.021,420
00:37:54.404,65328.536,430
00:37:54.505,65334.851,444
00:37:54.606,65336.166,413
00:37:54.706,65334.696,398
00:37:54.807,65329.245,393
00:37:54.907,65335.287,381
00:37:55.008,65333.403,393
00:37:55.108,65336.084,388
00:37:55.209,65331.838,417
00:37:55.309,65335.759,386
00:37:55.410,65335.434,396
00:37:55.511,65334.578,391
00:37:55.611,65334.873,396
00:37:55.712,65334.873,413
00:37:55.812,65329.216,396
00:37:55.913,65333.433,422
00:37:56.013,65334.017,425
00:37:56.114,65334.962,403
00:37:56.214,65327.657,383
00:37:56.315,65328.92,425
00:37:56.416,65325.655,405
00:37:56.516,65325.619,413
00:37:56.617,65327.864,393
00:37:56.717,65329.918,405
00:37:56.818,65329.541,388
00:37:56.918,65331.254,378
00:37:57.019,65329.304,410
00:37:57.119,65329.157,405
00:37:57.220,65324.385,430
00:37:57.321,65330.361,383
00:37:57.421,65316.755,439
00:37:57.522,65329.452,396
00:37:57.622,65326.889,422
00:37:57.723,65329.422,403
00:37:57.823,65323.233,413
00:37:57.924,65328.979,415
00:37:58.024,65330.368,398
00:37:58.125,65328.861,393
00:37:58.225,65323.47,400
00:37:58.326,65329.075,398
00:37:58.426,65330.833,413
00:37:58.527,65329.482,413
00:37:58.627,65327.893,388
00:37:58.728,65329.334,413
00:37:58.828,65328.477,435
00:37:58.929,65327.303,383
00:37:59.029,65324.178,432
00:37:59.130,65328.861,388
00:37:59.230,65318.846,427
00:37:59.331,65330.006,371
00:37:59.431,65330.574,415
00:37:59.532,65330.22,408
00:37:59.632,65329.954,405
00:37:59.733,65330.479,420
00:37:59.833,65331.372,383
00:37:59.934,65330.154,400
00:38:00.034,65329.984,430
00:38:00.135,65330.84,405
00:38:00.235,65325.087,393
00:38:00.336,65324.592,391
00:38:00.436,65329.747,442
00:38:00.537,65330.663,417
00:38:00.638,65324.763,422
00:38:00.738,65330.515,383
00:38:00.839,65330.693,427
00:38:00.939,65331.749,388
00:38:01.040,65331.306,398
00:38:01.140,65328.92,405
00:38:01.241,65317.605,396
00:38:01.341,65329.777,403
00:38:01.442,65328.543,388
00:38:01.542,65330.131,396
00:38:01.643,65329.504,388
00:38:01.743,65329.547,396
00:38:01.844,65328.832,432
00:38:01.944,65330.863,439
00:38:02.045,65318.078,400
00:38:02.145,65328.684,396
00:38:02.246,65329.282,430
00:38:02.346,65328.684,430
00:38:02.447,65331.572,391
00:38:02.548,65329.777,386
00:38:02.648,65327.982,405
00:38:02.749,65330.125,408
00:38:02.849,65328.691,408
00:38:02.950,65328.359,420
00:38:03.050,65329.422,388
00:38:03.151,65328.595,386
00:38:03.251,65327.775,381
00:38:03.352,65328.743,427
00:38:03.453,65329.127,444
00:38:03.553,65329.541,405
00:38:03.654,65328.543,405
00:38:03.754,65323.263,417
00:38:03.855,65328.832,393
00:38:03.955,65328.802,396
00:38:04.056,65328.779,435
00:38:04.156,65328.33,408
00:38:04.257,65322.938,386
00:38:04.357,65328.632,393
00:38:04.458,65328.152,417
00:38:04.558,65329.511,388
00:38:04.659,65324.208,405
00:38:04.759,65328.1,386
00:38:04.860,65327.65,422
00:38:04.960,65329.482,400
00:38:05.061,65329.422,408
00:38:05.161,65328.809,396
00:38:05.262,65323.115,400
00:38:05.363,65329.127,417
00:38:05.463,65327.503,381
00:38:05.564,65328.1,388
00:38:05.664,65326.83,432
00:38:05.765,65329.57,420
00:38:05.865,65323.351,396
00:38:05.966,65328.13,400
00:38:06.066,65328.743,388
00:38:06.167,65329.541,415
00:38:06.267,65328.034,420
00:38:06.368,65328.573,410
00:38:06.468,65324.792,415
00:38:06.569,65322.383,415
00:38:06.669,65323.145,396
00:38:06.770,65329.098,410
00:38:06.870,65327.834,430
00:38:06.971,65329.334,383
00:38:07.071,65328.743,408
00:38:07.172,65330.781,413
00:38:07.272,65326.387,381
00:38:07.373,65322.584,386
00:38:07.473,65328.602,386
00:38:07.574,65328.212,393
00:38:07.674,65329.57,400
00:38:07.775,65328.477,393
00:38:07.875,65328.425,415
00:38:07.976,65329.747,378
00:38:08.076,65326.505,398
00:38:08.177,65329.452,439
00:38:08.277,65329.275,427
00:38:08.378,65328.743,383
00:38:08.478,65328.336,408
00:38:08.579,65329.652,408
00:38:08.679,65328.218,439
00:38:08.780,65322.79,386
00:38:08.880,65327.155,391
00:38:08.981,65327.775,403
00:38:09.081,65327.768,413
00:38:09.182,65329.422,422
00:38:09.282,65326.86,422
00:38:09.382,65320.67,383
00:38:09.483,65328.041,420
00:38:09.583,65327.916,386
00:38:09.684,65329.304,388
00:38:09.784,65327.007,408
00:38:09.885,65329.718,396
00:38:09.985,65328.425,378
00:38:10.086,65330.627,415
00:38:10.187,65328.92,430
00:38:10.287,65328.838,403
00:38:10.388,65329.925,415
00:38:10.488,65330.184,400
00:38:10.589,65329.718,388
00:38:10.689,65324.562,408
00:38:10.790,65328.33,405
00:38:10.890,65328.1,432
00:38:10.991,65324.592,413
00:38:11.091,65329.918,386
00:38:11.192,65328.514,398
00:38:11.292,65329.6,442
00:38:11.393,65331.897,410
00:38:11.493,65331.306,396
00:38:11.594,65334.932,417
00:38:11.694,65335.494,398
00:38:11.795,65329.393,471
00:38:11.895,65334.873,417
00:38:11.996,65332.783,381
00:38:12.096,65333.374,391
00:38:12.197,65333.433,417
00:38:12.297,65331.749,400
00:38:12.398,65327.687,378
00:38:12.498,65325.767,437
00:38:12.599,65332.606,376
00:38:12.699,65331.483,383
00:38:12.800,65332.694,405
00:38:12.900,65332.694,408
00:38:13.001,65333.78,400
00:38:13.101,65332.931,435
00:38:13.202,65332.635,444
00:38:13.303,65332.99,425
00:38:13.403,65331.513,447
00:38:13.504,65331.283,396
00:38:13.604,65330.833,425
00:38:13.705,65325.471,420
00:38:13.805,65331.342,415
00:38:13.906,65330.309,427
00:38:14.006,65332.015,393
00:38:14.107,65321.025,432
00:38:14.207,65331.336,442
00:38:14.308,65331.867,408
00:38:14.408,65330.929,374
00:38:14.509,65333.337,388
00:38:14.610,65332.015,388
00:38:14.710,65332.783,408
00:38:14.811,65331.726,386
00:38:14.911,65323.381,413
00:38:15.012,65329.157,398
00:38:15.112,65317.989,393
00:38:15.213,65328.655,417
00:38:15.313,65327.243,422
00:38:15.414,65317.487,383
00:38:15.515,65328.832,386
00:38:15.615,65329.016,383
00:38:15.716,65327.975,427
00:38:15.816,65330.22,442
00:38:15.917,65328.832,410
00:38:16.017,65329.777,386
00:38:16.118,65328.093,400
00:38:16.218,65329.37,396
00:38:16.319,65329.482,410
00:38:16.420,65330.272,432
00:38:16.520,65331.254,432
00:38:16.621,65329.068,386
00:38:16.721,65329.659,400
00:38:16.822,65331.867,393
00:38:16.922,65330.663,425
00:38:17.023,65329.239,474
00:38:17.123,65323.742,442
00:38:17.224,65331.483,386
00:38:17.324,65329.186,388
00:38:17.425,65331.077,383
00:38:17.525,65330.213,393
00:38:17.626,65328.95,378
00:38:17.726,65331.697,422
00:38:17.827,65331.011,388
00:38:17.927,65329.688,483
00:38:18.028,65329.866,405
00:38:18.128,65330.22,437
00:38:18.229,65328.448,408
00:38:18.330,65328.979,398
00:38:18.430,65330.574,383
00:38:18.531,65329.984,403
00:38:18.631,65329.57,391
00:38:18.732,65323.529,447
00:38:18.832,65330.131,417
00:38:18.932,65330.361,391
00:38:19.033,65330.604,381
00:38:19.133,65323.44,405
00:38:19.234,65329.57,386
00:38:19.334,65328.714,430
00:38:19.435,65329.016,403
00:38:19.536,65329.239,396
00:38:19.636,65330.161,383
00:38:19.737,65323.063,432
00:38:19.837,65330.833,398
00:38:19.938,65331.661,378
00:38:20.038,65329.925,388
00:38:20.139,65330.309,391
00:38:20.239,65329.334,454
00:38:20.340,65330.013,393
00:38:20.440,65329.688,393
00:38:20.541,65330.072,396
00:38:20.641,65330.863,400
00:38:20.742,65329.895,427
00:38:20.842,65330.013,381
00:38:20.943,65331.424,439
00:38:21.043,65330.25,388
00:38:21.144,65330.161,383
00:38:21.244,65331.424,422
00:38:21.345,65332.842,449
00:38:21.445,65331.483,396
00:38:21.546,65331.106,403
00:38:21.646,65332.835,383
00:38:21.747,65330.633,400
00:38:21.847,65330.929,403
00:38:21.948,65326.003,398
00:38:22.049,65330.597,430
00:38:22.149,65330.515,427
00:38:22.249,65330.013,410
00:38:22.350,65331.483,420
00:38:22.450,65330.515,430
00:38:22.551,65332.133,388
00:38:22.651,65331.306,383
00:38:22.752,65330.84,410
00:38:22.852,65330.102,391
00:38:22.953,65331.424,398
00:38:23.053,65330.663,408
00:38:23.154,65332.163,393
00:38:23.254,65331.483,417
00:38:23.355,65331.365,420
00:38:23.455,65330.781,410
00:38:23.556,65325.826,427
00:38:23.656,65331.336,393
00:38:23.757,65330.87,388
00:38:23.857,65325.737,398
00:38:23.957,65330.545,398
00:38:24.058,65332.104,417
00:38:24.159,65331.779,393
00:38:24.259,65331.838,413
00:38:24.360,65331.49,388
00:38:24.460,65333.219,388
00:38:24.561,65332.051,415
00:38:24.661,65332.628,408
00:38:24.762,65332.428,376
00:38:24.862,65330.633,396
00:38:24.963,65325.501,413
00:38:25.063,65330.102,420
00:38:25.164,65329.393,432
00:38:25.264,65328.632,410
00:38:25.365,65329.57,427
00:38:25.465,65327.709,425
00:38:25.566,65327.893,398
00:38:25.666,65327.332,386
00:38:25.767,65327.03,393
00:38:25.867,65327.539,400
00:38:25.968,65324.976,415
00:38:26.068,65329.039,420
00:38:26.169,65328.005,393
00:38:26.269,65329.393,413
00:38:26.370,65330.279,413
00:38:26.470,65333.403,391
00:38:26.571,65332.635,398
00:38:26.671,65331.69,393
00:38:26.772,65331.867,386
00:38:26.872,65326.8,383
00:38:26.973,65331.017,400
00:38:27.073,65331.631,420
00:38:27.174,65331.513,398
00:38:27.274,65333.846,391
00:38:27.375,65331.395,393
00:38:27.476,65331.956,391
00:38:27.576,65333.285,435
00:38:27.677,65333.219,396
00:38:27.777,65332.96,398
00:38:27.878,65332.901,444
00:38:27.978,65332.517,391
00:38:28.079,65334.548,391
00:38:28.179,65332.724,430
00:38:28.280,65333.58,415
00:38:28.380,65333.367,403
00:38:28.481,65333.433,393
00:38:28.581,65331.838,430
00:38:28.682,65333.551,405
00:38:28.782,65334.046,408
00:38:28.883,65333.433,422
00:38:28.983,65333.426,393
00:38:29.084,65334.703,393
00:38:29.184,65334.253,415
00:38:29.285,65334.312,396
00:38:29.385,65329.039,396
00:38:29.486,65333.905,430
00:38:29.586,65335.11,383
00:38:29.687,65335.021,435
00:38:29.787,65333.869,420
00:38:29.888,65333.167,383
00:38:29.988,65333.817,383
00:38:30.089,65333.958,413
00:38:30.189,65333.958,391
00:38:30.290,65328.041,425
00:38:30.390,65326.564,437
00:38:30.491,65335.405,420
00:38:30.591,65333.226,425
00:38:30.692,65333.633,393
00:38:30.792,65332.96,417
00:38:30.893,65332.635,403
00:38:30.993,65332.694,396
00:38:31.094,65333.433,405
00:38:31.194,65326.823,393
00:38:31.295,65334.526,383
00:38:31.396,65328.3,398
00:38:31.496,65334.017,386
00:38:31.597,65333.846,410
00:38:31.697,65332.842,425
00:38:31.798,65333.137,408
00:38:31.898,65332.369,400
00:38:31.999,65333.81,388
00:38:32.099,65333.403,403
00:38:32.200,65332.983,398
00:38:32.300,65332.458,376
00:38:32.401,65333.196,415
00:38:32.501,65332.428,386
00:38:32.602,65331.283,444
00:38:32.702,65333.278,386
00:38:32.803,65332.665,427
00:38:32.903,65332.724,393
00:38:33.003,65332.842,427
00:38:33.104,65334.489,435
00:38:33.204,65321.645,471
00:38:33.305,65332.901,400
00:38:33.405,65334.312,417
00:38:33.506,65332.074,439
00:38:33.606,65332.901,391
00:38:33.707,65332.812,383
00:38:33.807,65332.753,398
00:38:33.908,65333.987,386
00:38:34.008,65333.226,393
00:38:34.109,65332.753,403
00:38:34.209,65332.251,415
00:38:34.310,65332.924,417
00:38:34.410,65331.815,430
00:38:34.511,65333.958,386
00:38:34.611,65326.092,417
00:38:34.712,65332.606,376
00:38:34.812,65330.486,420
00:38:34.913,65334.282,437
00:38:35.013,65331.52,435
00:38:35.114,65333.633,396
00:38:35.214,65334.223,425
00:38:35.315,65331.963,422
00:38:35.415,65330.804,417
00:38:35.516,65334.578,381
00:38:35.616,65331.904,430
00:38:35.717,65331.838,403
00:38:35.817,65331.985,391
00:38:35.918,65333.137,403
00:38:36.018,65325.678,439
00:38:36.119,65325.294,415
00:38:36.219,65327.007,383
00:38:36.320,65332.694,393
00:38:36.420,65332.517,386
00:38:36.521,65331.395,393
00:38:36.621,65332.051,405
00:38:36.722,65331.838,386
00:38:36.822,65331.336,427
00:38:36.923,65332.34,403
00:38:37.023,65331.513,403
00:38:37.124,65332.665,388
00:38:37.225,65331.047,427
00:38:37.325,65332.104,400
00:38:37.426,65332.31,386
00:38:37.526,65331.158,393
00:38:37.627,65331.667,439
00:38:37.727,65332.163,408
00:38:37.828,65332.192,396
00:38:37.928,65333.249,398
00:38:38.029,65332.901,391
00:38:38.129,65332.369,413
00:38:38.230,65331.956,427
00:38:38.330,65332.665,403
00:38:38.431,65332.222,388
00:38:38.531,65332.665,386
00:38:38.632,65332.99,422
00:38:38.732,65331.838,420
00:38:38.833,65331.985,398
00:38:38.933,65332.399,383
00:38:39.034,65331.49,383
00:38:39.134,65332.044,391
00:38:39.235,65332.783,432
00:38:39.335,65327.355,391
00:38:39.436,65331.52,425
00:38:39.537,65333.426,420
00:38:39.637,65332.163,398
00:38:39.738,65332.074,383
00:38:39.838,65332.812,425
00:38:39.939,65330.929,405
00:38:40.039,65332.428,398
00:38:40.140,65332.842,413
00:38:40.240,65326.387,437
00:38:40.341,65334.489,388
00:38:40.441,65332.074,400
00:38:40.542,65331.749,383
00:38:40.642,65332.163,386
00:38:40.742,65331.697,386
00:38:40.843,65330.745,388
00:38:40.943,65332.251,396
00:38:41.044,65330.988,430
00:38:41.145,65332.806,388
00:38:41.245,65331.49,405
00:38:41.346,65330.774,386
00:38:41.446,65332.044,396
00:38:41.546,65331.342,378
00:38:41.647,65332.251,405
00:38:41.748,65332.251,374
00:38:41.848,65332.783,393
00:38:41.949,65331.661,405
00:38:42.049,65332.163,391
00:38:42.150,65332.369,400
00:38:42.250,65326.535,386
00:38:42.351,65330.752,408
00:38:42.451,65333.308,391
00:38:42.552,65331.313,405
00:38:42.652,65332.901,396
00:38:42.753,65334.755,383
00:38:42.853,65332.31,396
00:38:42.954,65332.806,403
00:38:43.054,65331.401,415
00:38:43.154,65331.661,410
00:38:43.255,65333.699,435
00:38:43.355,65332.251,378
00:38:43.456,65333.81,420
00:38:43.556,65331.49,410
00:38:43.657,65327.089,398
00:38:43.757,65332.812,408
00:38:43.858,65333.285,393
00:38:43.958,65327.65,386
00:38:44.059,65328.13,403
00:38:44.159,65334.076,417
00:38:44.260,65333.344,422
00:38:44.360,65334.696,391
00:38:44.461,65334.932,398
00:38:44.561,65334.024,378
00:38:44.662,65316.542,435
00:38:44.762,65333.433,439
00:38:44.863,65333.019,398
00:38:44.963,65333.16,391
00:38:45.064,65333.964,415
00:38:45.164,65332.428,410
00:38:45.265,65326.21,439
00:38:45.365,65331.956,391
00:38:45.466,65332.488,403
00:38:45.566,65332.34,393
00:38:45.667,65326.417,415
00:38:45.767,65333.64,376
00:38:45.868,65333.396,393
00:38:45.968,65327.214,408
00:38:46.069,65331.72,413
00:38:46.169,65333.403,388
00:38:46.270,65325.507,425
00:38:46.370,65332.51,391
00:38:46.471,65332.96,408
00:38:46.571,65332.99,415
00:38:46.671,65332.901,398
00:38:46.772,65332.192,396
00:38:46.872,65326.446,378
00:38:46.973,65332.724,417
00:38:47.073,65332.428,417
00:38:47.174,65332.399,396
00:38:47.274,65333.196,403
00:38:47.375,65332.104,432
00:38:47.475,65332.835,400
00:38:47.576,65332.288,408
00:38:47.676,65332.185,393
00:38:47.777,65332.465,400
00:38:47.877,65331.601,400
00:38:47.978,65333.137,408
00:38:48.078,65332.806,420
00:38:48.179,65330.752,388
00:38:48.279,65332.517,413
00:38:48.380,65333.721,425
00:38:48.480,65332.192,432
00:38:48.581,65330.84,383
00:38:48.681,65332.192,383
00:38:48.782,65333.58,447
00:38:48.882,65331.365,398
00:38:48.983,65332.694,396
00:38:49.083,65331.749,405
00:38:49.184,65333.167,432
00:38:49.285,65333.256,432
00:38:49.385,65331.395,386
00:38:49.486,65331.424,420
00:38:49.586,65332.133,398
00:38:49.687,65331.956,396
00:38:49.787,65331.815,383
00:38:49.888,65332.163,417
00:38:49.988,65332.776,425
00:38:50.089,65331.638,396
00:38:50.189,65331.277,396
00:38:50.290,65332.783,383
00:38:50.390,65330.988,417
00:38:50.491,65331.247,400
00:38:50.591,65332.34,405
00:38:50.692,65331.011,420
00:38:50.792,65331.313,381
00:38:50.893,65332.694,432
00:38:50.993,65332.694,410
00:38:51.094,65331.72,439
00:38:51.194,65333.137,396
00:38:51.295,65327.266,398
00:38:51.395,65332.488,410
00:38:51.496,65333.049,398
00:38:51.596,65325.973,420
00:38:51.697,65327.096,417
00:38:51.797,65332.694,405
00:38:51.898,65332.753,391
00:38:51.998,65332.251,408
00:38:52.099,65332.96,386
00:38:52.200,65331.129,413
00:38:52.300,65332.104,398
00:38:52.401,65333.049,396
00:38:52.501,65324.917,415
00:38:52.602,65331.749,430
00:38:52.702,65332.812,398
00:38:52.803,65331.513,383
00:38:52.903,65332.665,398
00:38:53.004,65326.298,400
00:38:53.104,65334.223,413
00:38:53.205,65326.387,400
00:38:53.305,65332.399,422
00:38:53.406,65332.606,396
00:38:53.507,65332.665,398
00:38:53.607,65332.281,388
00:38:53.708,65332.133,430
00:38:53.808,65332.074,408
00:38:53.909,65332.694,400
00:38:54.009,65332.724,386
00:38:54.110,65331.956,386
00:38:54.211,65331.926,400
00:38:54.311,65332.458,396
00:38:54.412,65332.96,444
00:38:54.512,65331.461,393
00:38:54.613,65332.658,415
00:38:54.713,65325.862,420
00:38:54.814,65332.251,427
00:38:54.914,65334.135,408
00:38:55.015,65332.931,386
00:38:55.115,65332.753,422
00:38:55.216,65331.779,413
00:38:55.316,65332.901,388
00:38:55.417,65331.749,388
00:38:55.518,65325.914,405
00:38:55.618,65333.049,444
00:38:55.719,65333.196,400
00:38:55.819,65327.798,417
00:38:55.920,65330.811,422
00:38:56.020,65332.044,393
00:38:56.121,65332.517,449
00:38:56.221,65332.96,378
00:38:56.322,65332.074,396
00:38:56.422,65332.133,410
00:38:56.523,65325.56,415
00:38:56.624,65331.933,408
00:38:56.724,65331.336,391
00:38:56.825,65333.108,400
00:38:56.925,65332.192,427
00:38:57.026,65333.19,405
00:38:57.126,65332.96,396
00:38:57.227,65331.217,391
00:38:57.327,65333.462,386
00:38:57.428,65331.195,415
00:38:57.528,65325.767,403
00:38:57.629,65331.306,430
00:38:57.729,65332.251,388
00:38:57.830,65331.933,420
00:38:57.930,65331.454,393
00:38:58.031,65331.365,430
00:38:58.132,65318.816,393
00:38:58.232,65332.724,420
00:38:58.333,65331.395,400
00:38:58.433,65331.779,393
00:38:58.534,65333.403,410
00:38:58.634,65332.665,386
00:38:58.735,65325.206,432
00:38:58.835,65332.783,427
00:38:58.935,65332.635,425
00:38:59.036,65331.04,400
00:38:59.136,65326.653,410
00:38:59.237,65331.697,398
00:38:59.337,65331.395,420
00:38:59.438,65331.077,415
00:38:59.538,65331.483,420
00:38:59.639,65332.517,410
00:38:59.739,65332.222,383
00:38:59.840,65331.424,408
00:38:59.940,65331.077,400
00:39:00.041,65330.745,422
00:39:00.141,65330.752,422
00:39:00.242,65331.985,381
00:39:00.342,65331.601,396
00:39:00.443,65330.604,417
00:39:00.543,65331.749,383
00:39:00.644,65331.188,422
00:39:00.745,65330.781,398
00:39:00.845,65331.985,381
00:39:00.946,65331.72,408
00:39:01.046,65330.899,405
00:39:01.147,65331.454,417
00:39:01.247,65330.87,420
00:39:01.348,65326.151,435
00:39:01.448,65331.572,388
00:39:01.548,65330.781,388
00:39:01.649,65332.281,386
00:39:01.749,65331.011,413
00:39:01.850,65331.342,408
00:39:01.950,65326.328,432
00:39:02.051,65330.361,405
00:39:02.151,65330.427,400
00:39:02.252,65332.192,403
00:39:02.352,65332.251,405
00:39:02.453,65331.579,386
00:39:02.554,65332.924,410
00:39:02.654,65332.222,396
00:39:02.755,65331.283,398
00:39:02.855,65330.479,400
00:39:02.956,65331.077,430
00:39:03.056,65332.547,391
00:39:03.157,65330.922,420
00:39:03.257,65325.921,408
00:39:03.358,65331.07,403
00:39:03.458,65332.133,420
00:39:03.559,65325.271,420
00:39:03.659,65331.542,405
00:39:03.760,65331.808,417
00:39:03.860,65330.456,405
00:39:03.961,65330.656,381
00:39:04.061,65333.344,427
00:39:04.162,65330.722,383
00:39:04.262,65331.749,400
00:39:04.363,65324.031,408
00:39:04.463,65333.337,415
00:39:04.564,65332.192,393
00:39:04.664,65334.289,400
00:39:04.765,65329.57,403
00:39:04.865,65335.553,378
00:39:04.966,65334.076,393
00:39:05.066,65329.629,415
00:39:05.167,65335.937,396
00:39:05.267,65334.755,422
00:39:05.368,65334.46,396
00:39:05.468,65333.787,383
00:39:05.569,65334.135,396
00:39:05.669,65334.903,425
00:39:05.770,65328.92,420
00:39:05.870,65333.935,383
00:39:05.971,65324.031,410
00:39:06.071,65335.198,374
00:39:06.172,65335.05,410
00:39:06.272,65335.375,388
00:39:06.373,65334.873,410
00:39:06.473,65333.721,396
00:39:06.574,65334.939,427
00:39:06.675,65336.048,393
00:39:06.775,65333.137,417
00:39:06.876,65328.389,427
00:39:06.976,65334.083,417
00:39:07.077,65333.928,393
00:39:07.177,65332.931,466
00:39:07.278,65333.817,413
00:39:07.379,65332.458,437
00:39:07.479,65331.601,420
00:39:07.580,65326.653,403
00:39:07.680,65331.985,393
00:39:07.781,65332.399,400
00:39:07.881,65332.901,396
00:39:07.982,65330.804,398
00:39:08.082,65332.34,393
00:39:08.183,65332.163,393
00:39:08.284,65331.985,396
00:39:08.384,65332.99,408
00:39:08.485,65333.315,403
00:39:08.585,65326.151,432
00:39:08.686,65333.108,432
00:39:08.786,65333.692,391
00:39:08.887,65332.163,391
00:39:08.987,65331.667,410
00:39:09.088,65332.192,410
00:39:09.188,65332.606,400
00:39:09.289,65331.897,408
00:39:09.390,65325.353,383
00:39:09.490,65333.905,403
00:39:09.591,65332.31,400
00:39:09.691,65333.751,381
00:39:09.792,65326.83,391
00:39:09.892,65333.049,398
00:39:09.993,65332.576,410
00:39:10.093,65332.104,400
00:39:10.194,65332.576,388
00:39:10.294,65332.399,391
00:39:10.395,65333.403,396
00:39:10.496,65333.662,388
00:39:10.596,65326.771,420
00:39:10.697,65332.606,400
00:39:10.797,65327.155,427
00:39:10.898,65332.517,393
00:39:10.998,65326.978,422
00:39:11.099,65331.69,378
00:39:11.200,65326.269,386
00:39:11.300,65332.724,408
00:39:11.401,65332.104,435
00:39:11.501,65331.808,415
00:39:11.602,65331.749,415
00:39:11.702,65331.667,381
00:39:11.803,65333.839,425
00:39:11.903,65333.758,383
00:39:12.004,65332.074,396
00:39:12.104,65333.167,398
00:39:12.205,65332.54,381
00:39:12.306,65331.342,410
00:39:12.406,65327.739,396
00:39:12.507,65333.403,415
00:39:12.607,65320.434,427
00:39:12.708,65330.87,388
00:39:12.808,65333.455,420
00:39:12.909,65333.433,391
00:39:13.010,65331.247,396
00:39:13.110,65332.694,437
00:39:13.211,65330.811,408
00:39:13.311,65332.901,391
00:39:13.412,65326.564,405
00:39:13.513,65332.399,393
00:39:13.613,65327.798,420
00:39:13.714,65332.635,398
00:39:13.814,65333.078,437
00:39:13.915,65332.104,396
00:39:14.015,65327.332,435
00:39:14.116,65332.901,374
00:39:14.216,65331.838,398
00:39:14.317,65332.665,427
00:39:14.418,65326.853,425
00:39:14.518,65331.933,439
00:39:14.619,65333.485,393
00:39:14.719,65332.606,403
00:39:14.820,65325.596,381
00:39:14.920,65331.601,396
00:39:15.021,65333.337,420
00:39:15.121,65331.106,403
00:39:15.222,65332.34,437
00:39:15.322,65333.049,432
00:39:15.423,65327.591,413
00:39:15.523,65332.199,415
00:39:15.624,65330.893,398
00:39:15.724,65331.897,415
00:39:15.825,65333.315,391
00:39:15.926,65332.074,408
00:39:16.026,65320.375,410
00:39:16.127,65332.694,408
00:39:16.227,65333.669,403
00:39:16.328,65333.042,403
00:39:16.428,65333.905,403
00:39:16.529,65333.396,393
00:39:16.629,65332.428,398
00:39:16.730,65332.258,403
00:39:16.831,65327.444,415
00:39:16.931,65327.982,408
00:39:17.032,65333.078,403
00:39:17.132,65333.987,405
00:39:17.233,65333.137,386
00:39:17.333,65334.903,403
00:39:17.434,65328.92,400
00:39:17.534,65334.873,403
00:39:17.635,65334.223,415
00:39:17.735,65334.496,410
00:39:17.836,65332.753,396
00:39:17.937,65333.131,435
00:39:18.037,65333.964,393
00:39:18.138,65326.387,437
00:39:18.238,65332.901,400
00:39:18.339,65333.515,391
00:39:18.439,65332.31,388
00:39:18.540,65333.019,386
00:39:18.640,65333.196,413
00:39:18.741,65334.017,388
00:39:18.841,65327.568,391
00:39:18.942,65332.99,391
00:39:19.043,65333.839,383
00:39:19.143,65334.053,388
00:39:19.244,65333.367,427
00:39:19.344,65333.019,381
00:39:19.445,65327.362,405
00:39:19.545,65333.249,403
00:39:19.646,65333.728,422
00:39:19.746,65332.724,403
00:39:19.847,65334.548,396
00:39:19.948,65333.64,417
00:39:20.048,65332.547,393
00:39:20.149,65334.046,413
00:39:20.249,65334.962,415
00:39:20.350,65327.805,396
00:39:20.450,65333.751,425
00:39:20.551,65334.371,391
00:39:20.651,65333.285,400
00:39:20.752,65333.137,415
00:39:20.852,65334.637,420
00:39:20.953,65333.721,381
00:39:21.053,65333.137,386
00:39:21.154,65333.285,427
00:39:21.255,65333.633,398
00:39:21.355,65335.087,410
00:39:21.456,65333.692,437
00:39:21.556,65333.521,430
00:39:21.657,65333.692,439
00:39:21.757,65333.964,393
00:39:21.858,65334.696,400
00:39:21.958,65336.143,398
00:39:22.059,65336.786,386
00:39:22.160,65335.553,393
00:39:22.260,65336.143,393
00:39:22.361,65338.086,388
00:39:22.461,65336.58,400
00:39:22.562,65336.468,386
00:39:22.663,65336.284,408
00:39:22.763,65336.587,388
00:39:22.864,65336.816,391
00:39:22.964,65336.941,420
00:39:23.065,65336.196,393
00:39:23.165,65337.473,388
00:39:23.266,65336.255,388
00:39:23.367,65336.143,400
00:39:23.467,65335.523,378
00:39:23.568,65338.529,400
00:39:23.669,65334.489,396
00:39:23.769,65335.966,415
00:39:23.870,65336.373,383
00:39:23.970,65335.316,427
00:39:24.071,65334.666,398
00:39:24.171,65335.434,388
00:39:24.272,65322.767,393
00:39:24.373,65334.578,417
00:39:24.473,65334.017,383
00:39:24.574,65333.226,410
00:39:24.674,65332.369,386
00:39:24.775,65334.076,376
00:39:24.876,65328.898,435
