BBB Time,Mav Time,Mav Alt,Mav Lat,Mav Lon
00:41:36.216,2511262,51240,492563322,-1229223712
00:41:36.309,2511362,51240,492563322,-1229223711
00:41:36.394,2511462,51240,492563322,-1229223711
00:41:36.484,2511562,51240,492563321,-1229223710
00:41:36.579,2511662,51240,492563321,-1229223709
00:41:36.673,2511762,51240,492563321,-1229223709
00:41:36.770,2511862,51240,492563321,-1229223708
00:41:36.861,2511962,51240,492563321,-1229223707
00:41:36.960,2512062,51240,492563322,-1229223706
00:41:37.061,2512162,51250,492563323,-1229223705
00:41:37.161,2512262,51240,492563324,-1229223704
00:47:14.458,2848563,51930,492563341,-1229224038
00:47:14.561,2848663,51930,492563341,-1229224040
00:47:14.671,2848768,51930,492563340,-1229224041
00:47:14.957,2849063,51930,492563337,-1229224045
00:47:15.062,2849163,51930,492563336,-1229224046
00:47:15.163,2849263,51930,492563335,-1229224047
00:47:15.263,2849363,51930,492563335,-1229224047
00:47:15.363,2849463,51930,492563335,-1229224048
00:47:15.459,2849561,51940,492563334,-1229224049
00:47:15.559,2849663,51940,492563334,-1229224050
00:47:15.667,2849763,51940,492563334,-1229224051
00:47:15.765,2849868,51940,492563334,-1229224052
00:47:15.862,2849963,51930,492563334,-1229224053
00:47:15.965,2850063,51930,492563333,-1229224053
00:47:16.065,2850163,51930,492563333,-1229224053
00:47:16.166,2850263,51920,492563332,-1229224052
00:47:16.266,2850363,51920,492563332,-1229224052
00:47:16.361,2850461,51910,492563332,-1229224052
00:47:16.467,2850563,51910,492563333,-1229224052
00:47:16.567,2850663,51910,492563333,-1229224052
00:47:16.671,2850763,51900,492563332,-1229224052
00:47:16.768,2850863,51900,492563332,-1229224052
00:47:16.868,2850963,51900,492563333,-1229224052
00:47:16.968,2851063,51900,492563332,-1229224053
00:47:17.069,2851163,51900,492563331,-1229224053
00:47:17.169,2851263,51900,492563331,-1229224054
00:47:17.274,2851361,51900,492563331,-1229224055
00:47:17.370,2851463,51900,492563330,-1229224056
00:47:17.470,2851565,51910,492563329,-1229224056
00:47:17.570,2851663,51900,492563328,-1229224057
00:47:17.671,2851763,51900,492563327,-1229224057
00:47:17.771,2851863,51900,492563327,-1229224058
00:47:17.871,2851968,51890,492563327,-1229224059
00:47:17.972,2852063,51890,492563326,-1229224060
00:47:18.072,2852163,51890,492563326,-1229224061
00:47:18.172,2852268,51890,492563324,-1229224062
00:47:18.273,2852363,51900,492563323,-1229224063
00:47:18.373,2852463,51900,492563322,-1229224064
00:47:18.473,2852563,51900,492563321,-1229224065
00:47:18.574,2852663,51900,492563320,-1229224066
00:47:18.680,2852763,51900,492563321,-1229224066
00:47:18.775,2852863,51900,492563320,-1229224067
00:47:18.870,2852963,51900,492563319,-1229224067
00:47:18.970,2853063,51900,492563319,-1229224068
00:47:19.073,2853165,51910,492563319,-1229224068
00:47:19.176,2853268,51910,492563318,-1229224069
00:47:19.276,2853363,51910,492563317,-1229224070
00:47:19.374,2853463,51910,492563316,-1229224071
00:47:19.474,2853563,51910,492563315,-1229224071
00:47:19.577,2853663,51910,492563314,-1229224072
00:47:19.683,2853763,51910,492563314,-1229224073
00:47:19.788,2853863,51910,492563312,-1229224074
00:47:19.875,2853963,51920,492563311,-1229224075
00:47:19.973,2854063,51920,492563309,-1229224076
00:47:20.078,2854163,51920,492563308,-1229224076
00:47:20.179,2854265,51930,492563307,-1229224076
00:47:20.279,2854363,51930,492563306,-1229224076
00:47:20.379,2854463,51930,492563306,-1229224076
00:47:20.479,2854563,51940,492563306,-1229224076
00:47:20.580,2854663,51940,492563305,-1229224076
00:47:20.685,2854763,51940,492563304,-1229224076
00:47:20.788,2854863,51950,492563304,-1229224077
00:47:20.880,2854965,51950,492563303,-1229224077
00:47:20.981,2855063,51950,492563303,-1229224078
00:47:21.078,2855163,51960,492563303,-1229224078
00:47:21.177,2855263,51960,492563302,-1229224078
00:47:21.282,2855366,51970,492563301,-1229224078
00:47:21.382,2855463,51970,492563300,-1229224079
00:47:21.482,2855563,51970,492563299,-1229224079
00:47:21.580,2855663,51970,492563298,-1229224079
00:47:21.685,2855765,51970,492563297,-1229224080
00:47:21.779,2855863,51970,492563297,-1229224080
00:47:21.881,2855963,51970,492563297,-1229224080
00:47:21.984,2856063,51960,492563297,-1229224080
00:47:22.084,2856168,51960,492563297,-1229224081
00:47:22.185,2856266,51960,492563296,-1229224081
00:47:22.285,2856363,51960,492563296,-1229224082
00:47:22.385,2856463,51960,492563296,-1229224083
00:47:22.485,2856563,51960,492563296,-1229224085
00:47:22.583,2856663,51960,492563296,-1229224085
00:47:22.681,2856761,51950,492563296,-1229224085
00:47:22.784,2856863,51950,492563296,-1229224086
00:47:22.887,2856968,51950,492563296,-1229224086
00:47:22.987,2857063,51940,492563297,-1229224087
00:47:23.082,2857163,51940,492563297,-1229224087
00:47:23.188,2857263,51940,492563296,-1229224088
00:47:23.285,2857363,51940,492563296,-1229224089
00:47:23.388,2857463,51940,492563296,-1229224090
00:47:23.488,2857563,51930,492563297,-1229224090
00:47:23.584,2857661,51930,492563297,-1229224091
00:47:23.694,2857763,51930,492563297,-1229224091
00:47:23.790,2857863,51930,492563297,-1229224092
00:47:23.890,2857968,51930,492563298,-1229224092
00:47:23.985,2858063,51920,492563298,-1229224092
00:47:24.090,2858163,51920,492563299,-1229224093
00:47:24.191,2858263,51910,492563299,-1229224093
00:47:24.286,2858363,51910,492563299,-1229224093
00:47:24.389,2858463,51910,492563299,-1229224094
00:47:24.491,2858563,51900,492563299,-1229224095
00:47:24.592,2858663,51900,492563299,-1229224096
00:47:24.697,2858768,51900,492563299,-1229224097
00:47:24.792,2858863,51900,492563298,-1229224098
00:47:24.892,2858966,51910,492563298,-1229224098
00:47:24.993,2859068,51910,492563298,-1229224099
00:47:25.093,2859163,51910,492563297,-1229224100
00:47:25.193,2859263,51910,492563297,-1229224101
00:47:25.291,2859363,51910,492563297,-1229224101
00:47:25.391,2859463,51910,492563297,-1229224102
00:47:25.491,2859563,51910,492563297,-1229224101
00:47:25.595,2859663,51900,492563298,-1229224101
00:47:25.698,2859763,51900,492563300,-1229224101
00:47:25.792,2859863,51900,492563301,-1229224101
00:47:25.895,2859963,51900,492563302,-1229224101
00:47:25.996,2860063,51900,492563302,-1229224102
00:47:26.093,2860163,51900,492563303,-1229224102
00:47:26.196,2860265,51900,492563303,-1229224103
00:47:26.296,2860363,51910,492563304,-1229224104
00:47:26.397,2860463,51910,492563304,-1229224104
00:47:26.497,2860563,51920,492563304,-1229224104
00:47:26.597,2860663,51920,492563305,-1229224104
00:47:26.698,2860763,51920,492563305,-1229224104
00:47:26.798,2860865,51920,492563305,-1229224105
00:47:26.903,2860968,51930,492563306,-1229224105
00:47:26.994,2861063,51930,492563306,-1229224106
00:47:27.096,2861163,51930,492563307,-1229224107
00:47:27.196,2861263,51940,492563307,-1229224107
00:47:27.299,2861363,51940,492563308,-1229224108
00:47:27.395,2861463,51940,492563309,-1229224109
00:47:27.500,2861563,51930,492563309,-1229224109
00:47:27.595,2861663,51930,492563310,-1229224110
00:47:27.706,2861763,51930,492563311,-1229224110
00:47:27.800,2861863,51930,492563312,-1229224110
00:47:27.901,2861963,51930,492563314,-1229224110
00:47:28.006,2862068,51940,492563315,-1229224110
00:47:28.101,2862168,51940,492563315,-1229224110
00:47:28.199,2862263,51940,492563316,-1229224109
00:47:28.302,2862365,51940,492563317,-1229224109
00:47:28.402,2862465,51940,492563317,-1229224109
00:47:28.498,2862563,51940,492563317,-1229224108
00:47:28.603,2862663,51950,492563317,-1229224108
00:47:28.708,2862763,51950,492563317,-1229224107
00:47:28.806,2862863,51950,492563317,-1229224107
00:47:28.904,2862963,51950,492563317,-1229224107
00:47:28.999,2863063,51950,492563318,-1229224107
00:47:29.104,2863166,51950,492563319,-1229224107
00:47:29.205,2863263,51950,492563319,-1229224107
00:47:29.305,2863363,51950,492563319,-1229224107
00:47:29.400,2863463,51960,492563320,-1229224107
00:47:29.501,2863563,51960,492563320,-1229224108
00:47:29.606,2863663,51960,492563321,-1229224108
00:47:29.709,2863763,51960,492563322,-1229224108
00:47:29.811,2863863,51960,492563322,-1229224107
00:47:29.906,2863966,51960,492563322,-1229224107
00:47:30.007,2864063,51970,492563322,-1229224107
00:47:30.105,2864163,51970,492563322,-1229224107
00:47:30.208,2864265,51970,492563322,-1229224107
00:47:30.305,2864363,51970,492563323,-1229224106
00:47:30.406,2864463,51970,492563323,-1229224107
00:47:30.509,2864568,51970,492563323,-1229224107
00:47:30.609,2864663,51970,492563322,-1229224106
00:47:30.710,2864763,51980,492563321,-1229224106
00:47:30.810,2864861,51980,492563321,-1229224106
00:47:30.907,2864963,51990,492563321,-1229224106
00:47:31.010,2865063,51990,492563320,-1229224106
00:47:31.111,2865163,51990,492563321,-1229224106
00:47:31.211,2865263,51990,492563320,-1229224107
00:47:31.309,2865363,51990,492563320,-1229224107
00:47:31.411,2865463,51990,492563318,-1229224108
00:47:31.507,2865563,51990,492563317,-1229224108
00:47:31.607,2865663,51990,492563317,-1229224109
00:47:31.718,2865763,51990,492563316,-1229224109
00:47:31.813,2865863,51990,492563317,-1229224108
00:47:31.913,2865968,52000,492563317,-1229224108
00:47:32.013,2866063,52000,492563317,-1229224108
00:47:32.114,2866163,52000,492563317,-1229224107
00:47:32.214,2866263,52010,492563316,-1229224107
00:47:32.314,2866366,52020,492563316,-1229224107
00:47:32.415,2866463,52020,492563315,-1229224107
00:47:32.515,2866563,52020,492563314,-1229224106
00:47:32.610,2866661,52030,492563313,-1229224106
00:47:32.721,2866763,52030,492563313,-1229224105
00:47:32.811,2866865,52030,492563311,-1229224105
00:47:32.916,2866963,52040,492563310,-1229224106
00:47:33.012,2867063,52040,492563308,-1229224106
00:47:33.117,2867163,52040,492563307,-1229224107
00:47:33.212,2867263,52040,492563307,-1229224108
00:47:33.314,2867363,52040,492563306,-1229224109
00:47:33.415,2867463,52040,492563305,-1229224110
00:47:33.518,2867568,52040,492563304,-1229224111
00:47:33.618,2867663,52040,492563303,-1229224112
00:47:33.729,2867766,52050,492563303,-1229224113
00:47:33.829,2867868,52040,492563301,-1229224114
00:47:33.924,2867963,52040,492563299,-1229224114
00:47:34.019,2868063,52040,492563298,-1229224115
00:47:34.119,2868163,52030,492563297,-1229224116
00:47:34.219,2868263,52030,492563297,-1229224117
00:47:34.320,2868366,52030,492563297,-1229224117
00:47:34.420,2868463,52030,492563297,-1229224117
00:47:34.521,2868563,52020,492563296,-1229224117
00:47:34.621,2868663,52020,492563296,-1229224117
00:47:34.727,2868768,52020,492563296,-1229224117
00:47:34.822,2868863,52010,492563295,-1229224117
00:47:34.922,2868963,52010,492563295,-1229224117
00:47:35.022,2869063,52010,492563295,-1229224117
00:47:35.122,2869163,52010,492563294,-1229224117
00:47:35.222,2869263,52010,492563293,-1229224118
00:47:35.323,2869363,52010,492563292,-1229224118
00:47:35.420,2869466,52000,492563290,-1229224118
00:47:35.523,2869563,52000,492563288,-1229224118
00:47:35.624,2869663,52000,492563287,-1229224118
00:47:35.724,2869763,52000,492563286,-1229224118
00:47:35.820,2869863,51990,492563285,-1229224118
00:47:35.925,2869963,51990,492563284,-1229224118
00:47:36.022,2870063,51990,492563282,-1229224118
00:47:36.123,2870163,51980,492563280,-1229224118
00:47:36.220,2870263,51980,492563278,-1229224117
00:47:36.326,2870363,51970,492563276,-1229224117
00:47:36.426,2870468,51970,492563273,-1229224117
00:47:36.522,2870563,51970,492563270,-1229224118
00:47:36.624,2870666,51970,492563268,-1229224118
00:47:36.732,2870763,51970,492563266,-1229224119
00:47:36.828,2870865,51970,492563264,-1229224119
00:47:36.975,2870963,51970,492563262,-1229224119
00:47:37.062,2871063,51960,492563260,-1229224119
00:47:37.153,2871163,51960,492563258,-1229224118
00:47:37.247,2871263,51950,492563257,-1229224118
00:47:37.342,2871365,51950,492563256,-1229224119
00:47:37.433,2871463,51940,492563255,-1229224119
00:47:37.529,2871563,51940,492563253,-1229224120
00:47:37.630,2871663,51930,492563252,-1229224120
00:47:37.733,2871763,51930,492563252,-1229224120
00:47:37.830,2871865,51930,492563251,-1229224120
00:47:37.926,2871966,51930,492563251,-1229224119
00:47:38.031,2872063,51930,492563251,-1229224118
00:47:38.129,2872163,51930,492563251,-1229224117
00:47:38.231,2872268,51930,492563251,-1229224116
00:47:38.332,2872363,51930,492563251,-1229224115
00:47:38.427,2872463,51930,492563250,-1229224114
00:47:38.532,2872568,51930,492563249,-1229224113
00:47:38.632,2872663,51930,492563248,-1229224112
00:47:38.738,2872766,51930,492563247,-1229224111
00:47:38.838,2872863,51930,492563247,-1229224110
00:47:38.933,2872965,51930,492563246,-1229224109
00:47:39.034,2873063,51930,492563246,-1229224108
00:47:39.134,2873165,51930,492563245,-1229224107
00:47:39.234,2873263,51940,492563244,-1229224106
00:47:39.335,2873363,51940,492563242,-1229224105
00:47:39.435,2873463,51940,492563240,-1229224103
00:47:39.530,2873561,51950,492563238,-1229224102
00:47:39.631,2873663,51950,492563236,-1229224101
00:47:39.736,2873763,51960,492563233,-1229224100
00:47:39.829,2873861,51960,492563232,-1229224098
00:47:39.936,2873963,51960,492563230,-1229224097
00:47:40.034,2874066,51960,492563229,-1229224095
00:47:40.137,2874163,51960,492563228,-1229224093
00:47:40.237,2874266,51960,492563227,-1229224092
00:47:40.342,2874363,51970,492563226,-1229224091
00:47:40.438,2874463,51970,492563224,-1229224090
00:47:40.538,2874563,51970,492563223,-1229224089
00:47:40.638,2874663,51970,492563222,-1229224087
00:47:40.744,2874763,51970,492563221,-1229224086
00:47:40.839,2874863,51970,492563220,-1229224084
00:47:40.937,2874963,51970,492563220,-1229224083
00:47:41.040,2875063,51970,492563218,-1229224081
00:47:41.137,2875163,51970,492563217,-1229224080
00:47:41.240,2875263,51970,492563215,-1229224079
00:47:41.346,2875368,51970,492563213,-1229224079
00:47:41.446,2875463,51970,492563211,-1229224077
00:47:41.539,2875563,51970,492563209,-1229224076
00:47:41.637,2875661,51970,492563209,-1229224074
00:47:41.742,2875763,51970,492563209,-1229224073
00:47:41.840,2875868,51970,492563208,-1229224072
00:47:41.943,2875963,51970,492563207,-1229224070
00:47:42.040,2876063,51970,492563206,-1229224069
00:47:42.143,2876163,51970,492563205,-1229224068
00:47:42.244,2876263,51970,492563203,-1229224067
00:47:42.344,2876368,51970,492563201,-1229224066
00:47:42.444,2876463,51970,492563201,-1229224064
00:47:42.542,2876563,51970,492563201,-1229224062
00:47:42.645,2876663,51970,492563202,-1229224060
00:47:42.748,2876768,51970,492563203,-1229224058
00:47:42.845,2876863,51980,492563203,-1229224056
00:47:42.943,2876963,51980,492563202,-1229224055
00:47:43.046,2877063,51980,492563202,-1229224053
00:47:43.146,2877168,51980,492563201,-1229224051
00:47:43.247,2877263,51980,492563200,-1229224049
00:47:43.352,2877363,51980,492563198,-1229224048
00:47:43.447,2877463,51980,492563197,-1229224046
00:47:43.547,2877563,51980,492563197,-1229224045
00:47:43.648,2877663,51980,492563197,-1229224043
00:47:43.751,2877763,51980,492563197,-1229224041
00:47:43.848,2877863,51970,492563198,-1229224039
00:47:43.949,2877963,51970,492563198,-1229224037
00:47:44.049,2878063,51970,492563197,-1229224035
00:47:44.149,2878163,51970,492563196,-1229224034
00:47:44.250,2878266,51970,492563195,-1229224033
00:47:44.350,2878363,51970,492563193,-1229224032
00:47:44.450,2878463,51960,492563191,-1229224031
00:47:44.550,2878563,51960,492563190,-1229224030
00:47:44.651,2878663,51970,492563189,-1229224029
00:47:44.756,2878763,51970,492563188,-1229224028
00:47:44.856,2878863,51970,492563187,-1229224028
00:47:44.951,2878963,51970,492563187,-1229224027
00:47:45.052,2879063,51970,492563186,-1229224027
00:47:45.152,2879163,51960,492563185,-1229224026
00:47:45.247,2879261,51960,492563184,-1229224025
00:47:45.348,2879363,51960,492563182,-1229224025
00:47:45.458,2879468,51950,492563180,-1229224024
00:47:45.553,2879568,51950,492563178,-1229224024
00:47:45.653,2879665,51950,492563177,-1229224024
00:47:45.759,2879763,51940,492563176,-1229224024
00:47:45.862,2879863,51940,492563175,-1229224023
00:47:45.952,2879965,51930,492563175,-1229224022
00:47:46.052,2880063,51930,492563176,-1229224021
00:47:46.155,2880165,51930,492563176,-1229224020
00:47:46.255,2880263,51930,492563176,-1229224019
00:47:46.361,2880366,51930,492563175,-1229224018
00:47:46.456,2880463,51930,492563174,-1229224017
00:47:46.553,2880563,51920,492563173,-1229224016
00:47:46.657,2880663,51920,492563172,-1229224015
00:47:46.762,2880763,51920,492563171,-1229224014
00:47:46.862,2880863,51920,492563170,-1229224013
00:47:46.955,2880965,51920,492563168,-1229224013
00:47:47.053,2881063,51920,492563167,-1229224013
00:47:47.163,2881168,51920,492563166,-1229224012
00:47:47.259,2881266,51920,492563166,-1229224012
00:47:47.359,2881363,51920,492563166,-1229224011
00:47:47.454,2881463,51920,492563166,-1229224010
00:47:47.560,2881563,51920,492563166,-1229224008
00:47:47.660,2881663,51920,492563166,-1229224007
00:47:47.766,2881763,51910,492563165,-1229224006
00:47:47.858,2881865,51910,492563165,-1229224004
00:47:47.966,2881968,51910,492563164,-1229224003
00:47:48.056,2882063,51920,492563162,-1229224002
00:47:48.159,2882163,51920,492563160,-1229224001
00:47:48.257,2882263,51920,492563158,-1229224000
00:47:48.357,2882361,51920,492563157,-1229223999
00:47:48.457,2882463,51920,492563156,-1229223998
00:47:48.562,2882563,51920,492563156,-1229223997
00:47:48.658,2882663,51920,492563155,-1229223996
00:47:48.766,2882763,51920,492563155,-1229223995
00:47:48.858,2882863,51920,492563155,-1229223994
00:47:48.963,2882963,51920,492563154,-1229223993
00:47:49.064,2883068,51920,492563154,-1229223992
00:47:49.164,2883163,51920,492563154,-1229223991
00:47:49.264,2883266,51920,492563153,-1229223990
00:47:49.365,2883363,51920,492563152,-1229223988
00:47:49.465,2883463,51920,492563151,-1229223987
00:47:49.565,2883563,51920,492563150,-1229223986
00:47:49.665,2883663,51920,492563149,-1229223984
00:47:49.766,2883763,51920,492563148,-1229223983
00:47:49.869,2883863,51920,492563147,-1229223981
00:47:49.972,2883968,51920,492563146,-1229223980
00:47:50.067,2884068,51920,492563145,-1229223979
00:47:50.164,2884163,51930,492563144,-1229223978
00:47:50.268,2884265,51930,492563143,-1229223976
00:47:50.368,2884363,51930,492563143,-1229223974
00:47:50.468,2884463,51930,492563143,-1229223972
00:47:50.564,2884563,51930,492563144,-1229223971
00:47:50.669,2884668,51930,492563143,-1229223969
00:47:50.775,2884768,51930,492563143,-1229223967
00:47:50.869,2884865,51930,492563142,-1229223965
00:47:50.970,2884963,51930,492563141,-1229223964
00:47:51.065,2885063,51930,492563139,-1229223962
00:47:51.170,2885163,51930,492563138,-1229223960
00:47:51.270,2885263,51940,492563136,-1229223958
00:47:51.371,2885363,51940,492563134,-1229223956
00:47:51.470,2885463,51940,492563132,-1229223954
00:47:51.571,2885565,51930,492563131,-1229223952
00:47:51.671,2885663,51930,492563130,-1229223950
00:47:51.777,2885765,51930,492563130,-1229223947
00:47:51.872,2885863,51930,492563130,-1229223945
00:47:51.972,2885963,51930,492563130,-1229223943
00:47:52.072,2886063,51920,492563131,-1229223941
00:47:52.173,2886163,51920,492563132,-1229223940
00:47:52.268,2886263,51910,492563133,-1229223938
00:47:52.371,2886363,51910,492563134,-1229223936
00:47:52.471,2886463,51910,492563134,-1229223934
00:47:52.574,2886563,51900,492563135,-1229223932
00:47:52.669,2886663,51900,492563136,-1229223931
00:47:52.780,2886763,51900,492563136,-1229223929
00:47:52.874,2886863,51900,492563136,-1229223928
00:47:52.970,2886963,51900,492563136,-1229223926
00:47:53.070,2887063,51890,492563135,-1229223925
00:47:53.175,2887168,51890,492563134,-1229223924
00:47:53.276,2887268,51890,492563132,-1229223923
00:47:53.371,2887361,51890,492563130,-1229223922
00:47:53.474,2887463,51890,492563128,-1229223920
00:47:53.577,2887563,51890,492563127,-1229223919
00:47:53.677,2887663,51890,492563125,-1229223918
00:47:53.782,2887763,51890,492563124,-1229223916
00:47:53.878,2887863,51890,492563123,-1229223914
00:47:53.978,2887963,51890,492563122,-1229223913
00:47:54.078,2888063,51900,492563121,-1229223912
00:47:54.178,2888163,51900,492563121,-1229223912
00:47:54.278,2888265,51900,492563121,-1229223911
00:47:54.376,2888363,51900,492563121,-1229223910
00:47:54.479,2888463,51910,492563121,-1229223909
00:47:54.583,2888568,51910,492563121,-1229223909
00:47:54.672,2888661,51910,492563122,-1229223908
00:47:54.780,2888763,51910,492563122,-1229223906
00:47:54.880,2888863,51920,492563122,-1229223905
00:47:54.980,2888963,51920,492563122,-1229223904
00:47:55.080,2889063,51910,492563121,-1229223903
00:47:55.181,2889165,51920,492563120,-1229223902
00:47:55.281,2889263,51920,492563119,-1229223901
00:47:55.384,2889368,51920,492563117,-1229223901
00:47:55.481,2889463,51920,492563115,-1229223899
00:47:55.582,2889566,51920,492563113,-1229223898
00:47:55.682,2889663,51910,492563111,-1229223897
00:47:55.793,2889770,51910,492563109,-1229223895
00:47:55.890,2889863,51910,492563107,-1229223894
00:47:55.980,2889963,51910,492563105,-1229223893
00:47:56.083,2890063,51910,492563103,-1229223892
00:47:56.183,2890163,51910,492563101,-1229223891
00:47:56.284,2890263,51910,492563099,-1229223890
00:47:56.381,2890363,51920,492563097,-1229223889
00:47:56.481,2890463,51920,492563095,-1229223888
00:47:56.584,2890563,51920,492563094,-1229223887
00:47:56.686,2890663,51920,492563093,-1229223885
00:47:56.790,2890763,51920,492563092,-1229223884
00:47:56.885,2890863,51920,492563092,-1229223882
00:47:56.983,2890963,51920,492563093,-1229223881
00:47:57.081,2891063,51920,492563092,-1229223880
00:47:57.191,2891168,51920,492563092,-1229223879
00:47:57.287,2891266,51930,492563091,-1229223878
00:47:57.382,2891363,51930,492563091,-1229223877
00:47:57.487,2891463,51940,492563091,-1229223876
00:47:57.587,2891563,51940,492563091,-1229223875
00:47:57.688,2891663,51950,492563090,-1229223874
00:47:57.793,2891768,51950,492563089,-1229223873
00:47:57.899,2891863,51960,492563088,-1229223872
00:47:57.989,2891963,51970,492563087,-1229223871
00:47:58.087,2892063,51970,492563087,-1229223870
00:47:58.189,2892163,51980,492563086,-1229223870
00:47:58.290,2892263,51980,492563086,-1229223869
00:47:58.390,2892368,51980,492563086,-1229223869
00:47:58.490,2892463,51980,492563086,-1229223868
00:47:58.588,2892563,51980,492563086,-1229223869
00:47:58.688,2892663,51990,492563086,-1229223868
00:47:58.794,2892765,51990,492563086,-1229223868
00:47:58.892,2892863,51990,492563085,-1229223868
00:47:58.992,2892966,51990,492563085,-1229223868
00:47:59.090,2893063,51990,492563083,-1229223867
00:47:59.188,2893163,51990,492563083,-1229223867
00:47:59.293,2893263,51990,492563081,-1229223866
00:47:59.393,2893363,51990,492563080,-1229223866
00:47:59.493,2893463,52000,492563079,-1229223865
00:47:59.594,2893563,52000,492563077,-1229223865
00:47:59.689,2893663,52000,492563075,-1229223865
00:47:59.797,2893763,52000,492563073,-1229223864
00:47:59.895,2893865,52000,492563072,-1229223864
00:47:59.995,2893968,52000,492563070,-1229223865
00:48:00.090,2894065,52000,492563069,-1229223864
00:48:00.195,2894168,52000,492563069,-1229223864
00:48:00.296,2894263,52000,492563068,-1229223863
00:48:00.396,2894363,52000,492563067,-1229223862
00:48:00.496,2894463,51990,492563066,-1229223860
00:48:00.591,2894561,51990,492563065,-1229223859
00:48:00.692,2894663,52000,492563064,-1229223858
00:48:00.802,2894763,52000,492563063,-1229223858
00:48:00.897,2894863,52000,492563062,-1229223857
00:48:00.997,2894963,52000,492563061,-1229223857
00:48:01.095,2895063,52000,492563060,-1229223856
00:48:01.198,2895163,52000,492563059,-1229223856
00:48:01.296,2895263,51990,492563057,-1229223856
00:48:01.396,2895363,51990,492563056,-1229223856
00:48:01.498,2895463,51990,492563055,-1229223855
00:48:01.599,2895563,51990,492563054,-1229223854
00:48:01.699,2895665,51990,492563053,-1229223853
00:48:01.803,2895763,51990,492563052,-1229223853
00:48:01.900,2895863,52000,492563051,-1229223852
00:48:02.000,2895963,52000,492563051,-1229223852
00:48:02.100,2896065,51990,492563051,-1229223851
00:48:02.200,2896168,51990,492563051,-1229223850
00:48:02.301,2896265,51990,492563050,-1229223850
00:48:02.396,2896361,51990,492563049,-1229223850
00:48:02.501,2896463,51990,492563049,-1229223849
00:48:02.602,2896563,51990,492563049,-1229223848
00:48:02.702,2896663,51990,492563049,-1229223848
00:48:02.813,2896766,51990,492563049,-1229223847
00:48:02.915,2896863,51990,492563048,-1229223847
00:48:03.003,2896963,51990,492563047,-1229223848
00:48:03.103,2897063,52000,492563047,-1229223848
00:48:03.201,2897166,52000,492563046,-1229223848
00:48:03.299,2897261,52000,492563046,-1229223848
00:48:03.404,2897363,52000,492563046,-1229223848
00:48:03.502,2897463,52000,492563047,-1229223847
00:48:03.604,2897563,52000,492563047,-1229223846
00:48:03.700,2897663,52000,492563047,-1229223846
00:48:03.811,2897763,52000,492563048,-1229223846
00:48:03.905,2897863,52000,492563047,-1229223845
00:48:04.006,2897963,52000,492563047,-1229223845
00:48:04.106,2898063,52000,492563047,-1229223845
00:48:04.206,2898163,52000,492563046,-1229223845
00:48:04.307,2898263,52000,492563045,-1229223845
00:48:04.407,2898365,52000,492563044,-1229223844
00:48:04.507,2898463,52000,492563043,-1229223844
00:48:04.603,2898563,52000,492563042,-1229223843
00:48:04.708,2898663,52000,492563041,-1229223842
00:48:04.819,2898768,52000,492563039,-1229223841
00:48:04.916,2898863,52000,492563038,-1229223841
00:48:05.006,2898963,52000,492563036,-1229223841
00:48:05.109,2899063,52000,492563034,-1229223841
00:48:05.209,2899165,52000,492563033,-1229223840
00:48:05.307,2899263,52000,492563031,-1229223840
00:48:05.410,2899363,52000,492563030,-1229223839
00:48:05.507,2899463,52000,492563028,-1229223839
00:48:05.610,2899563,52010,492563027,-1229223839
00:48:05.710,2899663,52010,492563025,-1229223839
00:48:05.816,2899763,52010,492563023,-1229223839
00:48:05.907,2899863,52010,492563021,-1229223839
00:48:06.011,2899963,52000,492563020,-1229223840
00:48:06.112,2900063,52000,492563018,-1229223840
00:48:06.214,2900168,52000,492563017,-1229223839
00:48:06.315,2900268,51990,492563016,-1229223839
00:48:06.410,2900363,51990,492563015,-1229223839
00:48:06.513,2900463,51990,492563015,-1229223838
00:48:06.613,2900563,51990,492563015,-1229223838
00:48:06.722,2900663,51980,492563015,-1229223838
00:48:06.815,2900766,51980,492563015,-1229223838
00:48:06.914,2900863,51980,492563016,-1229223838
00:48:07.044,2900963,51980,492563017,-1229223838
00:48:07.134,2901063,51990,492563017,-1229223837
00:48:07.226,2901165,51990,492563017,-1229223836
00:48:07.316,2901268,51990,492563018,-1229223835
00:48:07.413,2901363,51990,492563019,-1229223835
00:48:07.513,2901463,51990,492563019,-1229223835
00:48:07.616,2901563,51980,492563020,-1229223835
00:48:07.716,2901663,51980,492563020,-1229223835
00:48:07.827,2901768,51980,492563020,-1229223835
00:48:07.927,2901865,51980,492563021,-1229223835
00:48:08.017,2901963,51980,492563021,-1229223835
00:48:08.118,2902063,51980,492563022,-1229223834
00:48:08.218,2902163,51980,492563023,-1229223834
00:48:08.318,2902263,51980,492563025,-1229223834
00:48:08.418,2902365,51980,492563026,-1229223834
00:48:08.514,2902463,51980,492563028,-1229223834
00:48:08.619,2902565,51980,492563030,-1229223834
00:48:08.719,2902665,51980,492563031,-1229223833
00:48:08.820,2902763,51980,492563032,-1229223833
00:48:08.920,2902863,51980,492563033,-1229223833
00:48:09.015,2902963,51980,492563034,-1229223833
00:48:09.118,2903063,51980,492563034,-1229223834
00:48:09.221,2903163,51980,492563035,-1229223834
00:48:09.321,2903265,51980,492563035,-1229223834
00:48:09.416,2903363,51970,492563035,-1229223835
00:48:09.517,2903463,51970,492563035,-1229223836
00:48:09.615,2903565,51970,492563035,-1229223836
00:48:09.722,2903665,51980,492563035,-1229223837
00:48:09.826,2903768,51980,492563035,-1229223838
00:48:09.923,2903863,51980,492563035,-1229223838
00:48:10.019,2903963,51980,492563035,-1229223839
00:48:10.123,2904068,51990,492563034,-1229223839
00:48:10.224,2904163,51990,492563034,-1229223840
00:48:10.324,2904263,51990,492563034,-1229223840
00:48:10.422,2904363,51990,492563034,-1229223841
00:48:10.525,2904463,51990,492563034,-1229223841
00:48:10.625,2904565,51990,492563033,-1229223842
00:48:10.726,2904665,52000,492563034,-1229223843
00:48:10.831,2904763,52000,492563034,-1229223844
00:48:10.927,2904863,52000,492563035,-1229223844
00:48:11.024,2904966,52000,492563036,-1229223845
00:48:11.127,2905063,52010,492563037,-1229223845
00:48:11.222,2905163,52010,492563038,-1229223846
00:48:11.325,2905263,52010,492563039,-1229223846
00:48:11.428,2905361,52010,492563039,-1229223846
00:48:11.523,2905463,52020,492563040,-1229223846
00:48:11.628,2905564,52020,492563040,-1229223846
00:48:11.726,2905663,52020,492563039,-1229223845
00:48:11.834,2905763,52020,492563039,-1229223845
00:48:11.926,2905863,52020,492563039,-1229223845
00:48:12.029,2905963,52020,492563039,-1229223844
00:48:12.130,2906063,52020,492563038,-1229223844
00:48:12.228,2906163,52020,492563037,-1229223845
00:48:12.326,2906261,52020,492563037,-1229223845
00:48:12.431,2906363,52020,492563038,-1229223845
00:48:12.529,2906463,52020,492563038,-1229223845
00:48:12.631,2906563,52010,492563039,-1229223845
00:48:12.727,2906663,52010,492563039,-1229223845
00:48:12.837,2906763,52010,492563040,-1229223846
00:48:12.932,2906863,52010,492563042,-1229223846
00:48:13.032,2906963,52010,492563043,-1229223847
00:48:13.130,2907063,52010,492563045,-1229223847
00:48:13.233,2907163,52010,492563046,-1229223848
00:48:13.334,2907266,52010,492563048,-1229223849
00:48:13.429,2907363,52020,492563049,-1229223849
00:48:13.534,2907463,52020,492563050,-1229223850
00:48:13.634,2907566,52020,492563051,-1229223851
00:48:13.730,2907663,52020,492563051,-1229223852
00:48:13.838,2907770,52030,492563051,-1229223853
00:48:13.931,2907863,52030,492563051,-1229223854
00:48:14.036,2907963,52040,492563051,-1229223854
00:48:14.136,2908063,52040,492563051,-1229223855
00:48:14.237,2908163,52040,492563051,-1229223855
00:48:14.337,2908268,52040,492563051,-1229223855
00:48:14.438,2908363,52040,492563051,-1229223856
00:48:14.535,2908463,52040,492563051,-1229223857
00:48:14.638,2908563,52040,492563052,-1229223857
00:48:14.739,2908663,52040,492563053,-1229223857
00:48:14.839,2908763,52030,492563055,-1229223858
00:48:14.939,2908863,52030,492563057,-1229223859
00:48:15.035,2908963,52030,492563059,-1229223859
00:48:15.135,2909063,52030,492563060,-1229223860
00:48:15.240,2909168,52030,492563062,-1229223861
00:48:15.341,2909263,52030,492563063,-1229223862
00:48:15.446,2909366,52030,492563064,-1229223863
00:48:15.541,2909463,52020,492563065,-1229223863
00:48:15.639,2909565,52020,492563065,-1229223863
00:48:15.739,2909663,52020,492563065,-1229223863
00:48:15.842,2909763,52020,492563065,-1229223863
00:48:15.937,2909861,52010,492563066,-1229223863
00:48:16.043,2909963,52010,492563066,-1229223864
00:48:16.143,2910063,52010,492563067,-1229223864
00:48:16.243,2910163,52000,492563067,-1229223864
00:48:16.341,2910263,52000,492563068,-1229223865
00:48:16.444,2910365,52000,492563070,-1229223865
00:48:16.544,2910463,52000,492563072,-1229223865
00:48:16.644,2910563,52000,492563073,-1229223865
00:48:16.742,2910663,52000,492563075,-1229223865
00:48:16.840,2910761,52000,492563076,-1229223865
00:48:16.945,2910863,52010,492563078,-1229223865
00:48:17.045,2910963,52010,492563079,-1229223864
00:48:17.148,2911063,52010,492563080,-1229223863
00:48:17.246,2911163,52010,492563081,-1229223863
00:48:17.341,2911263,52010,492563082,-1229223862
00:48:17.446,2911363,52010,492563082,-1229223861
00:48:17.544,2911463,52010,492563083,-1229223860
00:48:17.645,2911563,52010,492563084,-1229223859
00:48:17.747,2911663,52010,492563085,-1229223859
00:48:17.843,2911761,52000,492563086,-1229223859
00:48:17.943,2911863,52000,492563088,-1229223859
00:48:18.048,2911963,52010,492563090,-1229223859
00:48:18.144,2912063,52010,492563091,-1229223860
00:48:18.249,2912163,52000,492563093,-1229223860
00:48:18.349,2912263,52000,492563094,-1229223861
00:48:18.449,2912363,52000,492563095,-1229223862
00:48:18.549,2912463,51990,492563096,-1229223863
00:48:18.649,2912563,51990,492563096,-1229223863
00:48:18.750,2912663,51990,492563097,-1229223864
00:48:18.856,2912768,51990,492563097,-1229223864
00:48:18.946,2912863,51980,492563098,-1229223864
00:48:19.046,2912963,51980,492563099,-1229223864
00:48:19.151,2913063,51980,492563100,-1229223865
00:48:19.252,2913163,51980,492563101,-1229223865
00:48:19.352,2913263,51980,492563103,-1229223866
00:48:19.447,2913363,51980,492563104,-1229223866
00:48:19.545,2913461,51980,492563105,-1229223867
00:48:19.653,2913563,51980,492563105,-1229223867
00:48:19.751,2913663,51980,492563106,-1229223868
00:48:19.859,2913763,51980,492563106,-1229223868
00:48:19.949,2913863,51980,492563106,-1229223868
00:48:20.059,2913966,51980,492563105,-1229223869
00:48:20.152,2914063,51970,492563106,-1229223869
00:48:20.254,2914163,51970,492563106,-1229223869
00:48:20.355,2914263,51970,492563107,-1229223869
00:48:20.450,2914365,51960,492563108,-1229223869
00:48:20.555,2914463,51960,492563110,-1229223869
00:48:20.656,2914564,51960,492563111,-1229223868
00:48:20.756,2914663,51960,492563112,-1229223867
00:48:20.857,2914763,51960,492563113,-1229223866
00:48:20.957,2914863,51960,492563114,-1229223866
00:48:21.057,2914968,51960,492563115,-1229223865
00:48:21.157,2915063,51960,492563116,-1229223866
00:48:21.255,2915163,51960,492563116,-1229223866
00:48:21.362,2915268,51960,492563117,-1229223866
00:48:21.458,2915363,51960,492563119,-1229223866
00:48:21.558,2915463,51960,492563120,-1229223866
00:48:21.658,2915563,51960,492563123,-1229223866
00:48:21.758,2915663,51960,492563124,-1229223866
00:48:21.862,2915763,51960,492563126,-1229223865
00:48:21.959,2915863,51960,492563127,-1229223865
00:48:22.054,2915961,51960,492563127,-1229223865
00:48:22.155,2916063,51970,492563128,-1229223865
00:48:22.255,2916161,51970,492563128,-1229223865
00:48:22.360,2916263,51970,492563129,-1229223865
00:48:22.460,2916363,51970,492563130,-1229223864
00:48:22.561,2916463,51970,492563131,-1229223864
00:48:22.658,2916563,51970,492563133,-1229223863
00:48:22.761,2916663,51970,492563134,-1229223863
00:48:22.867,2916763,51970,492563136,-1229223862
00:48:22.957,2916863,51970,492563137,-1229223862
00:48:23.060,2916963,51980,492563137,-1229223861
00:48:23.157,2917061,51980,492563138,-1229223861
00:48:23.263,2917163,51990,492563138,-1229223861
00:48:23.363,2917263,52000,492563138,-1229223860
00:48:23.463,2917366,52000,492563138,-1229223859
00:48:23.560,2917463,52010,492563139,-1229223859
00:48:23.664,2917563,52010,492563140,-1229223858
00:48:23.759,2917661,52010,492563141,-1229223857
00:48:23.867,2917763,52020,492563143,-1229223856
00:48:23.960,2917863,52020,492563144,-1229223855
00:48:24.060,2917961,52020,492563145,-1229223855
00:48:24.165,2918063,52020,492563145,-1229223854
00:48:24.265,2918166,52030,492563146,-1229223854
00:48:24.363,2918263,52030,492563146,-1229223854
00:48:24.466,2918363,52030,492563146,-1229223854
00:48:24.566,2918463,52030,492563147,-1229223854
00:48:24.666,2918563,52030,492563148,-1229223854
00:48:24.767,2918663,52020,492563149,-1229223854
00:48:24.872,2918763,52020,492563150,-1229223854
00:48:24.967,2918861,52020,492563151,-1229223854
00:48:25.068,2918963,52020,492563152,-1229223854
00:48:25.168,2919063,52020,492563153,-1229223855
00:48:25.268,2919163,52020,492563154,-1229223855
00:48:25.368,2919263,52020,492563155,-1229223856
00:48:25.469,2919363,52020,492563156,-1229223857
00:48:25.564,2919463,52020,492563157,-1229223858
00:48:25.666,2919563,52020,492563158,-1229223859
00:48:25.763,2919661,52020,492563159,-1229223859
00:48:25.865,2919761,52020,492563160,-1229223860
00:48:25.968,2919861,52020,492563160,-1229223861
00:48:26.066,2919961,52020,492563160,-1229223862
00:48:26.166,2920061,52020,492563160,-1229223862
00:48:26.266,2920161,52020,492563160,-1229223863
00:48:26.369,2920261,52020,492563161,-1229223864
00:48:26.471,2920361,52020,492563162,-1229223864
00:48:26.567,2920461,52020,492563163,-1229223864
00:48:26.667,2920561,52020,492563163,-1229223864
00:48:26.769,2920661,52020,492563163,-1229223864
00:48:26.868,2920761,52010,492563164,-1229223864
00:48:26.969,2920862,52010,492563164,-1229223864
00:48:27.069,2920961,52010,492563164,-1229223864
00:48:27.174,2921064,52000,492563164,-1229223864
00:48:27.269,2921164,52000,492563164,-1229223865
00:48:27.370,2921261,52000,492563164,-1229223865
00:48:27.470,2921361,51990,492563165,-1229223865
00:48:27.570,2921464,51990,492563165,-1229223866
00:48:27.670,2921562,51990,492563165,-1229223866
00:48:27.771,2921664,51980,492563165,-1229223867
00:48:27.871,2921762,51980,492563166,-1229223868
00:48:27.976,2921862,51980,492563167,-1229223868
00:48:28.072,2921964,51980,492563168,-1229223869
00:48:28.172,2922061,51980,492563169,-1229223870
00:48:28.272,2922161,51970,492563170,-1229223870
00:48:28.373,2922262,51970,492563172,-1229223871
00:48:28.470,2922361,51960,492563173,-1229223871
00:48:28.573,2922462,51960,492563175,-1229223871
00:48:28.678,2922564,51950,492563176,-1229223871
00:48:28.774,2922664,51950,492563178,-1229223871
00:48:28.874,2922761,51950,492563180,-1229223870
00:48:28.974,2922864,51950,492563181,-1229223870
00:48:29.075,2922961,51950,492563183,-1229223870
00:48:29.175,2923061,51950,492563184,-1229223869
00:48:29.277,2923164,51950,492563186,-1229223869
00:48:29.378,2923262,51950,492563187,-1229223868
00:48:29.476,2923362,51960,492563187,-1229223868
00:48:29.577,2923462,51960,492563188,-1229223867
00:48:29.677,2923562,51960,492563189,-1229223867
00:48:29.777,2923662,51960,492563190,-1229223866
00:48:29.890,2923766,51960,492563191,-1229223866
00:48:29.980,2923862,51960,492563192,-1229223865
00:48:30.080,2923962,51960,492563193,-1229223864
00:48:30.178,2924062,51960,492563194,-1229223864
00:48:30.278,2924162,51960,492563195,-1229223863
00:48:30.379,2924262,51960,492563196,-1229223862
00:48:30.479,2924362,51970,492563197,-1229223862
00:48:30.580,2924462,51970,492563198,-1229223861
00:48:30.680,2924562,51980,492563200,-1229223860
00:48:30.780,2924662,51980,492563200,-1229223859
00:48:30.886,2924765,51990,492563200,-1229223857
00:48:30.993,2924865,51990,492563200,-1229223856
00:48:31.088,2924962,51990,492563200,-1229223855
00:48:31.182,2925061,51990,492563200,-1229223854
00:48:31.277,2925163,52000,492563200,-1229223854
00:48:31.384,2925261,52000,492563201,-1229223853
00:48:31.483,2925361,52000,492563201,-1229223852
00:48:31.583,2925461,52000,492563201,-1229223852
00:48:31.683,2925561,52000,492563201,-1229223852
00:48:31.783,2925661,52000,492563202,-1229223852
00:48:31.886,2925761,52000,492563202,-1229223851
00:48:31.985,2925861,52000,492563203,-1229223851
00:48:32.085,2925963,52000,492563203,-1229223852
00:48:32.180,2926064,52000,492563203,-1229223852
00:48:32.286,2926161,52000,492563203,-1229223851
00:48:32.386,2926261,52000,492563203,-1229223851
00:48:32.496,2926361,52000,492563204,-1229223851
00:48:32.593,2926461,52000,492563204,-1229223851
00:48:32.691,2926561,52000,492563203,-1229223850
00:48:32.787,2926661,52010,492563203,-1229223851
00:48:32.893,2926763,52010,492563203,-1229223851
00:48:32.998,2926862,52010,492563204,-1229223851
00:48:33.103,2926962,52020,492563204,-1229223852
00:48:33.189,2927062,52020,492563204,-1229223852
00:48:33.289,2927162,52020,492563204,-1229223851
00:48:33.385,2927261,52020,492563202,-1229223851
00:48:33.490,2927362,52020,492563201,-1229223851
00:48:33.585,2927462,52030,492563200,-1229223851
00:48:33.686,2927561,52030,492563199,-1229223850
00:48:33.786,2927662,52030,492563198,-1229223850
00:48:33.891,2927762,52030,492563198,-1229223849
00:48:33.987,2927862,52040,492563197,-1229223849
00:48:34.089,2927961,52040,492563197,-1229223848
00:48:34.190,2928062,52040,492563197,-1229223847
00:48:34.290,2928162,52040,492563197,-1229223846
00:48:34.391,2928262,52040,492563196,-1229223846
00:48:34.491,2928362,52040,492563195,-1229223845
00:48:34.594,2928462,52040,492563195,-1229223843
00:48:34.697,2928567,52030,492563196,-1229223842
00:48:34.793,2928662,52030,492563195,-1229223842
00:48:34.898,2928762,52030,492563195,-1229223842
00:48:34.998,2928862,52030,492563194,-1229223842
00:48:35.094,2928962,52030,492563193,-1229223841
00:48:35.195,2929062,52030,492563192,-1229223841
00:48:35.296,2929162,52030,492563192,-1229223841
00:48:35.397,2929262,52030,492563192,-1229223842
00:48:35.497,2929362,52030,492563193,-1229223843
00:48:35.596,2929462,52030,492563193,-1229223844
00:48:35.697,2929562,52040,492563194,-1229223844
00:48:35.797,2929662,52030,492563194,-1229223845
00:48:35.901,2929762,52030,492563193,-1229223845
00:48:35.996,2929865,52030,492563194,-1229223845
00:48:36.101,2929965,52020,492563194,-1229223844
00:48:36.197,2930062,52020,492563194,-1229223844
00:48:36.302,2930165,52010,492563194,-1229223845
00:48:36.397,2930262,52010,492563194,-1229223845
00:48:36.502,2930363,52000,492563194,-1229223845
00:48:36.598,2930462,52000,492563194,-1229223844
00:48:36.698,2930565,52000,492563193,-1229223844
00:48:36.796,2930662,51990,492563192,-1229223844
00:48:36.904,2930765,51990,492563190,-1229223844
00:48:36.999,2930865,51990,492563190,-1229223844
00:48:37.139,2930962,51990,492563189,-1229223844
00:48:37.234,2931067,51990,492563188,-1229223844
00:48:37.324,2931170,51990,492563188,-1229223844
00:48:37.422,2931263,52000,492563187,-1229223844
00:48:37.517,2931365,52000,492563186,-1229223845
00:48:37.617,2931465,52000,492563185,-1229223845
00:48:37.709,2931565,52000,492563184,-1229223845
00:48:37.807,2931665,51990,492563184,-1229223845
00:48:37.902,2931768,51990,492563183,-1229223846
00:48:38.002,2931868,51990,492563182,-1229223846
00:48:38.102,2931965,51990,492563182,-1229223847
00:48:38.202,2932065,52000,492563181,-1229223848
00:48:38.302,2932163,52000,492563181,-1229223850
00:48:38.400,2932265,52000,492563180,-1229223851
00:48:38.508,2932367,52000,492563179,-1229223853
00:48:38.603,2932462,52000,492563179,-1229223855
00:48:38.704,2932565,52000,492563178,-1229223857
00:48:38.801,2932665,52010,492563176,-1229223858
00:48:38.904,2932762,52010,492563175,-1229223860
00:48:39.002,2932865,52010,492563175,-1229223862
00:48:39.104,2932970,52010,492563175,-1229223863
00:48:39.205,2933062,52000,492563175,-1229223865
00:48:39.305,2933162,52000,492563175,-1229223867
00:48:39.405,2933262,52000,492563175,-1229223868
00:48:39.505,2933363,51990,492563175,-1229223870
00:48:39.603,2933462,51990,492563176,-1229223872
00:48:39.706,2933565,51980,492563176,-1229223873
00:48:39.806,2933662,51970,492563177,-1229223874
00:48:39.912,2933762,51970,492563177,-1229223875
00:48:40.011,2933865,51970,492563178,-1229223877
00:48:40.107,2933963,51960,492563178,-1229223878
00:48:40.204,2934065,51960,492563178,-1229223880
00:48:40.305,2934162,51960,492563178,-1229223882
00:48:40.412,2934265,51960,492563178,-1229223884
00:48:40.508,2934368,51960,492563179,-1229223885
00:48:40.608,2934465,51960,492563179,-1229223887
00:48:40.708,2934563,51960,492563179,-1229223888
00:48:40.806,2934662,51950,492563178,-1229223890
00:48:40.912,2934765,51950,492563178,-1229223891
00:48:41.014,2934863,51950,492563178,-1229223893
00:48:41.107,2934962,51950,492563178,-1229223895
00:48:41.210,2935065,51950,492563178,-1229223896
00:48:41.307,2935165,51950,492563179,-1229223898
00:48:41.408,2935261,51940,492563179,-1229223899
00:48:41.508,2935361,51940,492563179,-1229223901
00:48:41.608,2935461,51930,492563179,-1229223902
00:48:41.709,2935561,51930,492563179,-1229223904
00:48:41.809,2935661,51920,492563179,-1229223906
00:48:41.909,2935761,51920,492563179,-1229223908
00:48:42.010,2935862,51920,492563179,-1229223910
00:48:42.110,2935961,51920,492563179,-1229223911
00:48:42.210,2936061,51920,492563179,-1229223912
00:48:42.310,2936161,51920,492563180,-1229223914
00:48:42.410,2936261,51920,492563179,-1229223915
00:48:42.511,2936361,51920,492563179,-1229223916
00:48:42.611,2936462,51920,492563178,-1229223917
00:48:42.711,2936561,51930,492563177,-1229223918
00:48:42.811,2936661,51930,492563177,-1229223919
00:48:42.912,2936761,51930,492563176,-1229223920
00:48:43.012,2936861,51940,492563176,-1229223920
00:48:43.112,2936962,51940,492563175,-1229223921
00:48:43.212,2937061,51950,492563174,-1229223921
00:48:43.312,2937161,51950,492563173,-1229223921
00:48:43.413,2937261,51960,492563172,-1229223921
00:48:43.513,2937361,51970,492563173,-1229223922
00:48:43.613,2937461,51970,492563172,-1229223922
00:48:43.713,2937561,51980,492563172,-1229223922
00:48:43.814,2937661,51980,492563171,-1229223923
00:48:43.914,2937761,51980,492563171,-1229223923
00:48:44.014,2937861,51990,492563171,-1229223924
00:48:44.117,2937961,51990,492563171,-1229223924
00:48:44.215,2938061,51990,492563170,-1229223925
00:48:44.315,2938161,51990,492563169,-1229223926
00:48:44.415,2938261,52000,492563169,-1229223926
00:48:44.515,2938361,52000,492563168,-1229223927
00:48:44.616,2938461,52000,492563167,-1229223928
00:48:44.716,2938561,52000,492563165,-1229223930
00:48:44.819,2938661,52000,492563165,-1229223931
00:48:44.916,2938761,52000,492563164,-1229223932
00:48:45.019,2938861,52010,492563163,-1229223933
00:48:45.117,2938961,52010,492563163,-1229223934
00:48:45.218,2939061,52010,492563162,-1229223935
00:48:45.320,2939161,52010,492563161,-1229223936
00:48:45.418,2939263,52010,492563160,-1229223937
00:48:45.518,2939361,52010,492563160,-1229223938
00:48:45.618,2939461,52010,492563159,-1229223938
00:48:45.721,2939561,52010,492563158,-1229223939
00:48:45.819,2939661,52010,492563157,-1229223939
00:48:45.922,2939761,52010,492563157,-1229223940
00:48:46.022,2939861,52010,492563156,-1229223940
00:48:46.119,2939963,52010,492563156,-1229223940
00:48:46.222,2940063,52010,492563156,-1229223940
00:48:46.320,2940161,52010,492563156,-1229223941
00:48:46.423,2940261,52010,492563155,-1229223942
00:48:46.520,2940365,52010,492563154,-1229223942
00:48:46.621,2940461,52000,492563152,-1229223943
00:48:46.721,2940561,52000,492563150,-1229223944
00:48:46.824,2940661,52000,492563149,-1229223944
00:48:46.922,2940761,52000,492563149,-1229223944
00:48:47.024,2940861,52000,492563148,-1229223945
00:48:47.122,2940963,52000,492563147,-1229223945
00:48:47.222,2941061,52000,492563146,-1229223945
00:48:47.323,2941164,52000,492563146,-1229223945
00:48:47.425,2941261,52000,492563145,-1229223945
00:48:47.523,2941361,52000,492563144,-1229223946
00:48:47.624,2941463,52010,492563143,-1229223946
00:48:47.724,2941561,52010,492563142,-1229223946
00:48:47.824,2941661,52010,492563141,-1229223946
00:48:47.924,2941761,52010,492563141,-1229223946
00:48:48.027,2941863,52010,492563140,-1229223946
00:48:48.125,2941961,52010,492563139,-1229223946
00:48:48.227,2942061,52000,492563138,-1229223946
00:48:48.325,2942161,52000,492563138,-1229223946
00:48:48.426,2942261,52000,492563138,-1229223945
00:48:48.526,2942363,52000,492563137,-1229223945
00:48:48.626,2942461,52000,492563137,-1229223945
00:48:48.726,2942563,51990,492563136,-1229223945
00:48:48.827,2942661,51990,492563136,-1229223945
00:48:48.930,2942765,51980,492563136,-1229223945
00:48:49.030,2942861,51980,492563135,-1229223945
00:48:49.130,2942961,51970,492563134,-1229223945
00:48:49.228,2943061,51970,492563133,-1229223946
00:48:49.328,2943161,51960,492563132,-1229223946
00:48:49.428,2943261,51960,492563131,-1229223946
00:48:49.528,2943361,51950,492563130,-1229223946
00:48:49.629,2943461,51950,492563129,-1229223946
00:48:49.729,2943561,51940,492563129,-1229223946
00:48:49.829,2943663,51940,492563129,-1229223946
00:48:49.930,2943761,51940,492563129,-1229223946
00:48:50.030,2943861,51940,492563128,-1229223946
00:48:50.133,2943961,51940,492563128,-1229223945
00:48:50.231,2944061,51940,492563127,-1229223945
00:48:50.331,2944161,51940,492563125,-1229223944
00:48:50.434,2944263,51940,492563125,-1229223943
00:48:50.532,2944361,51940,492563124,-1229223942
00:48:50.632,2944461,51940,492563124,-1229223941
00:48:50.732,2944563,51930,492563123,-1229223941
00:48:50.832,2944663,51930,492563123,-1229223941
00:48:50.932,2944761,51930,492563124,-1229223941
00:48:51.035,2944862,51920,492563124,-1229223940
00:48:51.133,2944963,51920,492563124,-1229223940
00:48:51.234,2945061,51920,492563125,-1229223939
00:48:51.334,2945166,51910,492563125,-1229223939
00:48:51.434,2945261,51910,492563125,-1229223939
00:48:51.534,2945364,51910,492563124,-1229223939
00:48:51.635,2945462,51910,492563124,-1229223938
00:48:51.735,2945561,51900,492563123,-1229223938
00:48:51.835,2945664,51900,492563123,-1229223937
00:48:51.940,2945763,51900,492563124,-1229223937
00:48:52.036,2945861,51900,492563123,-1229223937
00:48:52.138,2945964,51900,492563123,-1229223937
00:48:52.236,2946061,51900,492563122,-1229223938
00:48:52.341,2946166,51910,492563121,-1229223938
00:48:52.437,2946263,51910,492563120,-1229223939
00:48:52.541,2946364,51910,492563119,-1229223940
00:48:52.637,2946463,51900,492563119,-1229223941
00:48:52.737,2946561,51900,492563120,-1229223941
00:48:52.838,2946661,51900,492563120,-1229223942
00:48:52.941,2946769,51890,492563120,-1229223942
00:48:53.038,2946862,51890,492563120,-1229223942
00:48:53.139,2946962,51880,492563120,-1229223942
00:48:53.239,2947061,51880,492563120,-1229223942
00:48:53.339,2947161,51880,492563121,-1229223943
00:48:53.439,2947262,51870,492563121,-1229223943
00:48:53.540,2947364,51870,492563120,-1229223944
00:48:53.640,2947464,51870,492563120,-1229223944
00:48:53.743,2947564,51880,492563121,-1229223945
00:48:53.840,2947661,51880,492563121,-1229223945
00:48:53.941,2947761,51880,492563121,-1229223945
00:48:54.043,2947864,51880,492563120,-1229223945
00:48:54.141,2947962,51880,492563120,-1229223945
00:48:54.241,2948061,51880,492563120,-1229223945
00:48:54.342,2948162,51880,492563120,-1229223945
00:48:54.442,2948261,51880,492563120,-1229223945
00:48:54.542,2948362,51880,492563120,-1229223945
00:48:54.642,2948462,51880,492563120,-1229223944
00:48:54.740,2948562,51880,492563120,-1229223944
00:48:54.843,2948661,51880,492563119,-1229223943
00:48:54.943,2948761,51880,492563119,-1229223943
00:48:55.043,2948862,51880,492563119,-1229223942
00:48:55.143,2948962,51890,492563120,-1229223941
00:48:55.244,2949062,51890,492563120,-1229223940
00:48:55.344,2949161,51890,492563120,-1229223939
00:48:55.444,2949261,51890,492563121,-1229223937
00:48:55.544,2949361,51890,492563121,-1229223936
00:48:55.642,2949462,51890,492563122,-1229223935
00:48:55.745,2949562,51890,492563123,-1229223934
00:48:55.845,2949661,51890,492563123,-1229223933
00:48:55.948,2949764,51890,492563124,-1229223932
00:48:56.046,2949862,51900,492563124,-1229223932
00:48:56.146,2949962,51900,492563124,-1229223932
00:48:56.246,2950064,51910,492563124,-1229223932
00:48:56.346,2950161,51910,492563124,-1229223932
00:48:56.447,2950261,51920,492563123,-1229223931
00:48:56.545,2950361,51920,492563122,-1229223931
00:48:56.647,2950461,51920,492563122,-1229223930
00:48:56.747,2950562,51920,492563121,-1229223928
00:48:56.848,2950664,51920,492563121,-1229223927
00:48:56.948,2950761,51920,492563120,-1229223925
00:48:57.048,2950862,51930,492563120,-1229223924
00:48:57.151,2950964,51920,492563121,-1229223923
00:48:57.249,2951061,51920,492563121,-1229223921
00:48:57.349,2951162,51920,492563122,-1229223920
00:48:57.447,2951262,51920,492563122,-1229223919
00:48:57.549,2951361,51920,492563123,-1229223918
00:48:57.650,2951461,51920,492563123,-1229223917
00:48:57.750,2951561,51920,492563122,-1229223917
00:48:57.850,2951661,51920,492563122,-1229223916
00:48:57.956,2951762,51920,492563120,-1229223915
00:48:58.056,2951861,51920,492563119,-1229223914
00:48:58.151,2951961,51920,492563118,-1229223914
00:48:58.251,2952061,51920,492563118,-1229223913
00:48:58.351,2952161,51920,492563118,-1229223912
00:48:58.451,2952264,51920,492563118,-1229223910
00:48:58.552,2952362,51930,492563117,-1229223909
00:48:58.652,2952461,51930,492563116,-1229223908
00:48:58.752,2952562,51930,492563115,-1229223907
00:48:58.852,2952662,51930,492563114,-1229223906
00:48:58.952,2952761,51930,492563112,-1229223906
00:48:59.053,2952861,51930,492563111,-1229223906
00:48:59.153,2952962,51930,492563110,-1229223906
00:48:59.253,2953061,51930,492563108,-1229223906
00:48:59.356,2953164,51930,492563108,-1229223906
00:48:59.453,2953262,51930,492563107,-1229223907
00:48:59.554,2953364,51930,492563106,-1229223907
00:48:59.654,2953462,51940,492563105,-1229223907
00:48:59.754,2953562,51940,492563104,-1229223907
00:48:59.854,2953661,51930,492563103,-1229223907
00:48:59.960,2953764,51930,492563103,-1229223906
00:49:00.055,2953862,51930,492563102,-1229223906
00:49:00.155,2953961,51930,492563101,-1229223905
00:49:00.255,2954061,51930,492563100,-1229223904
00:49:00.355,2954162,51930,492563100,-1229223904
00:49:00.456,2954261,51930,492563099,-1229223903
00:49:00.556,2954362,51930,492563099,-1229223902
00:49:00.656,2954462,51920,492563098,-1229223901
00:49:00.759,2954564,51920,492563098,-1229223900
00:49:00.857,2954661,51930,492563097,-1229223900
00:49:00.960,2954762,51930,492563096,-1229223900
00:49:01.055,2954862,51930,492563096,-1229223900
00:49:01.157,2954961,51930,492563095,-1229223900
00:49:01.258,2955062,51930,492563095,-1229223900
00:49:01.358,2955161,51930,492563094,-1229223899
00:49:01.458,2955261,51930,492563094,-1229223899
00:49:01.561,2955362,51930,492563092,-1229223899
00:49:01.656,2955461,51920,492563092,-1229223900
00:49:01.758,2955562,51920,492563091,-1229223900
00:49:01.859,2955661,51920,492563091,-1229223900
00:49:01.957,2955761,51920,492563091,-1229223900
00:49:02.059,2955861,51910,492563090,-1229223900
00:49:02.159,2955962,51910,492563089,-1229223901
00:49:02.260,2956061,51910,492563087,-1229223902
00:49:02.360,2956161,51900,492563085,-1229223902
00:49:02.460,2956262,51900,492563084,-1229223903
00:49:02.560,2956364,51900,492563082,-1229223904
00:49:02.661,2956461,51890,492563080,-1229223904
00:49:02.766,2956566,51890,492563078,-1229223905
00:49:02.859,2956662,51880,492563077,-1229223905
00:49:02.964,2956764,51880,492563076,-1229223905
00:49:03.062,2956862,51870,492563075,-1229223906
00:49:03.160,2956962,51870,492563074,-1229223907
00:49:03.262,2957061,51860,492563073,-1229223907
00:49:03.362,2957162,51860,492563072,-1229223908
00:49:03.463,2957261,51860,492563072,-1229223908
00:49:03.563,2957362,51850,492563071,-1229223908
00:49:03.663,2957462,51850,492563070,-1229223909
00:49:03.761,2957561,51850,492563069,-1229223909
00:49:03.863,2957661,51850,492563067,-1229223910
00:49:03.967,2957762,51850,492563066,-1229223911
00:49:04.064,2957862,51840,492563065,-1229223912
00:49:04.167,2957964,51840,492563065,-1229223912
00:49:04.264,2958062,51840,492563064,-1229223913
00:49:04.365,2958161,51830,492563063,-1229223913
00:49:04.465,2958261,51830,492563062,-1229223914
00:49:04.565,2958361,51820,492563062,-1229223914
00:49:04.663,2958462,51820,492563062,-1229223914
00:49:04.766,2958561,51810,492563062,-1229223914
00:49:04.866,2958662,51810,492563062,-1229223914
00:49:04.969,2958769,51800,492563061,-1229223914
00:49:05.066,2958862,51800,492563061,-1229223914
00:49:05.169,2958962,51790,492563061,-1229223914
00:49:05.265,2959064,51790,492563061,-1229223914
00:49:05.367,2959161,51790,492563060,-1229223915
00:49:05.468,2959261,51790,492563060,-1229223915
00:49:05.566,2959361,51790,492563060,-1229223916
00:49:05.668,2959462,51790,492563059,-1229223916
00:49:05.768,2959562,51790,492563058,-1229223917
00:49:05.866,2959661,51790,492563058,-1229223917
00:49:05.972,2959762,51790,492563058,-1229223918
00:49:06.069,2959862,51790,492563058,-1229223918
00:49:06.169,2959962,51790,492563058,-1229223918
00:49:06.270,2960062,51790,492563058,-1229223918
00:49:06.370,2960162,51790,492563059,-1229223917
00:49:06.468,2960262,51790,492563059,-1229223917
00:49:06.571,2960361,51800,492563060,-1229223917
00:49:06.671,2960461,51800,492563060,-1229223916
00:49:06.771,2960561,51790,492563061,-1229223915
00:49:06.872,2960661,51800,492563061,-1229223914
00:49:07.024,2960762,51800,492563061,-1229223913
00:49:07.104,2960861,51800,492563062,-1229223913
00:49:07.192,2960962,51800,492563062,-1229223912
00:49:07.277,2961062,51800,492563063,-1229223912
00:49:07.371,2961162,51810,492563063,-1229223912
00:49:07.473,2961269,51810,492563064,-1229223911
00:49:07.574,2961361,51810,492563065,-1229223911
00:49:07.674,2961461,51810,492563066,-1229223911
00:49:07.774,2961566,51810,492563068,-1229223911
00:49:07.874,2961662,51800,492563068,-1229223911
00:49:07.975,2961761,51800,492563069,-1229223910
00:49:08.080,2961864,51800,492563070,-1229223910
00:49:08.175,2961962,51800,492563070,-1229223910
00:49:08.276,2962061,51790,492563070,-1229223909
00:49:08.381,2962164,51790,492563070,-1229223909
00:49:08.476,2962262,51790,492563069,-1229223909
00:49:08.577,2962362,51780,492563069,-1229223909
00:49:08.677,2962461,51780,492563069,-1229223909
00:49:08.782,2962562,51780,492563069,-1229223908
00:49:08.878,2962661,51780,492563068,-1229223908
00:49:08.978,2962761,51780,492563068,-1229223908
00:49:09.076,2962861,51780,492563068,-1229223907
00:49:09.176,2962964,51790,492563067,-1229223907
00:49:09.279,2963061,51790,492563067,-1229223906
00:49:09.379,2963162,51790,492563067,-1229223906
00:49:09.479,2963262,51790,492563068,-1229223904
00:49:09.580,2963362,51790,492563068,-1229223903
00:49:09.680,2963462,51790,492563068,-1229223901
00:49:09.780,2963561,51790,492563069,-1229223900
00:49:09.880,2963661,51790,492563069,-1229223899
00:49:09.986,2963762,51790,492563070,-1229223897
00:49:10.080,2963862,51790,492563071,-1229223895
00:49:10.179,2963962,51790,492563072,-1229223894
00:49:10.284,2964064,51790,492563073,-1229223892
00:49:10.382,2964161,51790,492563073,-1229223890
00:49:10.482,2964261,51790,492563073,-1229223888
00:49:10.588,2964362,51790,492563074,-1229223886
00:49:10.683,2964462,51790,492563073,-1229223884
00:49:10.783,2964561,51790,492563073,-1229223882
00:49:10.884,2964664,51790,492563071,-1229223880
00:49:10.982,2964761,51790,492563070,-1229223879
00:49:11.084,2964861,51800,492563068,-1229223877
00:49:11.185,2964962,51800,492563066,-1229223877
00:49:11.285,2965061,51800,492563066,-1229223875
00:49:11.385,2965164,51800,492563065,-1229223874
00:49:11.488,2965264,51800,492563065,-1229223873
00:49:11.584,2965362,51800,492563064,-1229223871
00:49:11.686,2965462,51800,492563062,-1229223870
00:49:11.787,2965561,51800,492563061,-1229223869
00:49:11.885,2965662,51800,492563060,-1229223867
00:49:11.990,2965764,51800,492563060,-1229223866
00:49:12.088,2965862,51800,492563059,-1229223864
00:49:12.188,2965964,51800,492563058,-1229223863
00:49:12.288,2966062,51800,492563057,-1229223861
00:49:12.389,2966162,51800,492563056,-1229223860
00:49:12.489,2966262,51800,492563056,-1229223859
00:49:12.590,2966362,51810,492563055,-1229223858
00:49:12.690,2966461,51810,492563055,-1229223856
00:49:12.788,2966561,51810,492563054,-1229223855
00:49:12.890,2966661,51810,492563054,-1229223854
00:49:12.991,2966761,51810,492563053,-1229223853
00:49:13.091,2966862,51810,492563053,-1229223852
00:49:13.191,2966962,51810,492563052,-1229223852
00:49:13.292,2967062,51820,492563051,-1229223851
00:49:13.395,2967164,51820,492563050,-1229223850
00:49:13.490,2967261,51820,492563050,-1229223849
00:49:13.595,2967362,51820,492563049,-1229223848
00:49:13.693,2967464,51820,492563048,-1229223847
00:49:13.793,2967562,51820,492563047,-1229223846
00:49:13.894,2967661,51820,492563046,-1229223845
00:49:13.997,2967764,51820,492563045,-1229223844
00:49:14.095,2967862,51830,492563044,-1229223843
00:49:14.195,2967962,51840,492563043,-1229223843
00:49:14.295,2968062,51840,492563042,-1229223841
00:49:14.396,2968162,51850,492563042,-1229223840
00:49:14.496,2968269,51850,492563041,-1229223839
00:49:14.596,2968362,51860,492563041,-1229223838
00:49:14.696,2968462,51860,492563041,-1229223837
